Place,County,Population,Population Density,Per capita income,Median household income,Median family income
Acalanes Ridge,Contra Costa,1226,2659.4,"$62,314 ","$160,000 ","$190,104 "
Acampo,San Joaquin,776,827.3,"$36,756 ","$141,250 ",[7]
Acton,Los Angeles,6956,177.2,"$39,131 ","$92,245 ","$99,448 "
Adelanto,San Bernardino,31773,567.3,"$9,998 ","$35,262 ","$35,537 "
Adin,Modoc,215,62.6,"$15,452 ","$29,583 ","$60,083 "
Agoura Hills,Los Angeles,20630,2647.2,"$50,242 ","$107,268 ","$118,673 "
Agua Dulce,Los Angeles,2898,126.8,"$37,538 ","$88,864 ","$102,989 "
Aguanga,Riverside,897,66,"$26,330 ","$50,213 ","$52,420 "
Ahwahnee,Madera,2165,216,"$34,915 ","$59,129 ","$69,583 "
Airport,Stanislaus,1547,2639.9,"$11,709 ","$21,607 ","$32,292 "
Alameda,Alameda,75763,7255.6,"$42,331 ","$76,439 ","$93,427 "
Alamo,Contra Costa,15639,1617.4,"$77,281 ","$163,151 ","$171,633 "
Albany,Alameda,19020,10637.6,"$40,426 ","$78,769 ","$91,967 "
Albion,Mendocino,295,162.5,"$23,881 ","$12,209 ","$62,500 "
Alderpoint,Humboldt,255,105,"$13,177 ","$32,688 ",[7]
Alhambra,Los Angeles,84400,11060.1,"$24,971 ","$53,195 ","$57,056 "
Alhambra Valley,Contra Costa,499,375.5,"$41,738 ","$62,000 ","$80,729 "
Aliso Viejo,Orange,49437,7145.1,"$44,986 ","$102,325 ","$122,390 "
Alleghany,Sierra,115,329.5,"$15,316 ","$37,663 ",[7]
Allendale,Solano,1613,262.9,"$50,026 ","$123,125 ","$145,799 "
Allensworth,Tulare,480,154.7,"$7,966 ","$25,625 ","$19,250 "
Almanor,Plumas,0,0,[7],[7],[7]
Alondra Park,Los Angeles,8833,7979.2,"$21,583 ","$55,263 ","$57,944 "
Alpaugh,Tulare,969,964.2,"$9,919 ","$26,927 ","$26,776 "
Alpine,San Diego,14580,544.4,"$37,365 ","$78,433 ","$92,257 "
Alpine Village,Alpine,105,37.4,"$27,154 ","$66,458 ","$115,417 "
Alta,Placer,369,154.8,"$29,864 ","$55,833 ","$61,389 "
Altadena,Los Angeles,44622,5120.7,"$42,089 ","$83,917 ","$94,886 "
Alta Sierra,Nevada,6902,829.5,"$34,823 ","$68,792 ","$78,983 "
Alto,Marin,678,5381,"$73,358 ","$62,235 ","$106,103 "
Alturas,Modoc,2714,1114.6,"$21,118 ","$31,087 ","$55,363 "
Alum Rock,Santa Clara,10992,12947,"$20,466 ","$70,202 ","$71,050 "
Amador City,Amador,164,522.3,"$42,554 ","$48,750 ","$52,500 "
American Canyon,Napa,20089,3303.6,"$28,451 ","$81,955 ","$89,954 "
Amesti,Santa Cruz,3213,1074.2,"$19,677 ","$48,617 ","$52,031 "
Anaheim,Orange,342973,6862.6,"$23,990 ","$59,707 ","$63,281 "
Anchor Bay,Mendocino,254,72.3,"$39,850 ","$34,191 ","$85,650 "
Anderson,Shasta,10066,1579.7,"$17,414 ","$35,225 ","$45,599 "
Angels,Calaveras,3782,1042.4,"$31,306 ","$55,114 ","$73,229 "
Angwin,Napa,3583,742,"$21,387 ","$66,765 ","$72,813 "
Antelope,Sacramento,47798,6993.1,"$23,808 ","$64,122 ","$68,510 "
Antioch,Contra Costa,105630,3728.6,"$25,499 ","$65,770 ","$73,023 "
Anza,Riverside,2356,85.4,"$20,347 ","$39,489 ","$60,208 "
Apple Valley,San Bernardino,70561,947.9,"$23,543 ","$48,337 ","$54,646 "
Aptos,Santa Cruz,5872,912.9,"$39,214 ","$78,929 ","$91,920 "
Aptos Hills-Larkin Valley,Santa Cruz,1808,195.5,"$36,420 ","$74,185 ","$86,310 "
Arbuckle,Colusa,3009,1710.6,"$15,611 ","$47,639 ","$50,431 "
Arcadia,Los Angeles,57251,5240.4,"$38,582 ","$80,147 ","$93,635 "
Arcata,Humboldt,17679,1944.5,"$18,681 ","$30,244 ","$45,728 "
Arden-Arcade,Sacramento,92844,5207.5,"$31,469 ","$45,750 ","$60,601 "
Armona,Kings,3531,1854.5,"$11,790 ","$38,622 ","$41,711 "
Arnold,Calaveras,2728,184.5,"$33,988 ","$58,688 ","$78,353 "
Aromas,MontereySan Benito,2677,565.2,"$30,316 ","$67,019 ","$81,080 "
Arroyo Grande,San Luis Obispo,17536,3006.3,"$32,351 ","$63,558 ","$81,883 "
Artesia,Los Angeles,16698,10301,"$21,688 ","$60,544 ","$62,485 "
Artois,Glenn,194,67.4,"$10,773 ","$60,096 ","$60,481 "
Arvin,Kern,20028,4156,"$10,582 ","$35,359 ","$34,809 "
Ashland,Alameda,23360,12709.5,"$18,959 ","$45,074 ","$48,571 "
Aspen Springs,Mono,54,15.1,"$43,841 ",[7],[7]
Atascadero,San Luis Obispo,28792,1119.7,"$32,602 ","$66,342 ","$77,998 "
Atherton,San Mateo,7034,1398.7,"$144,197 ",[7],[7]
Atwater,Merced,28686,4691.9,"$18,663 ","$41,619 ","$45,281 "
Auberry,Fresno,2347,122.6,"$24,603 ","$50,221 ","$60,066 "
Auburn,Placer,13690,1913.6,"$36,104 ","$54,085 ","$77,027 "
Auburn Lake Trails,El Dorado,3839,301.6,"$36,145 ","$93,833 ","$115,853 "
August,San Joaquin,8479,6777.8,"$10,941 ","$28,518 ","$33,083 "
Avalon,Los Angeles,3768,1283.8,"$28,545 ","$54,231 ","$56,765 "
Avenal,Kings,14553,749.3,"$7,532 ","$29,302 ","$29,932 "
Avery,Calaveras,674,149.7,"$21,169 ","$31,719 ","$36,667 "
Avila Beach,San Luis Obispo,1166,194,"$43,153 ","$73,304 ","$74,821 "
Avocado Heights,Los Angeles,15432,5702.9,"$22,076 ","$72,174 ","$74,382 "
Azusa,Los Angeles,47420,4910.9,"$18,159 ","$52,087 ","$57,131 "
Baker,San Bernardino,916,340.8,"$13,559 ","$36,838 ","$38,063 "
Bakersfield,Kern,358700,2414.7,"$23,786 ","$56,842 ","$61,994 "
Baldwin Park,Los Angeles,76411,11523.3,"$15,419 ","$51,189 ","$51,599 "
Ballard,Santa Barbara,323,273.7,"$65,977 ","$87,083 ","$116,250 "
Ballico,Merced,333,110.2,"$22,216 ","$41,250 ","$73,333 "
Bangor,Butte,575,42.8,"$19,272 ","$39,500 ","$48,409 "
Banning,Riverside,30281,1310.9,"$20,246 ","$39,556 ","$46,434 "
Barstow,San Bernardino,23110,559,"$18,863 ","$40,648 ","$48,977 "
Bass Lake,Madera,570,296,"$25,752 ","$36,250 ","$58,438 "
Bay Point,Contra Costa,21586,3280.5,"$17,385 ","$41,749 ","$42,983 "
Bayview,Contra Costa,2025,6639.3,"$29,636 ","$82,431 ","$95,150 "
Bayview,Humboldt,2408,3289.6,"$18,175 ","$26,987 ","$35,987 "
Beale AFB,Yuba,1342,132.9,"$16,375 ","$42,904 ","$42,684 "
Bear Creek,Merced,197,3456.1,"$11,585 ","$16,719 ","$32,800 "
Bear Valley,Alpine,43,8.3,"$21,109 ","$75,179 ",[7]
Bear Valley,Mariposa,201,27.8,"$10,781 ","$16,042 ","$11,597 "
Bear Valley Springs,Kern,5058,121.9,"$38,716 ","$82,761 ","$97,212 "
Beaumont,Riverside,39620,1279.4,"$26,627 ","$66,775 ","$75,809 "
Beckwourth,Plumas,290,24.8,"$43,100 ","$52,609 ","$81,351 "
Belden,Plumas,46,75.4,[7],[7],[7]
Bell,Los Angeles,35896,14352.7,"$12,031 ","$36,496 ","$36,390 "
Bella Vista,Shasta,2717,122.4,"$22,187 ","$52,041 ","$57,586 "
Bell Canyon,Ventura,2289,632,"$81,271 ","$208,508 ","$215,441 "
Bellflower,Los Angeles,77521,12671,"$20,213 ","$49,360 ","$53,023 "
Bell Gardens,Los Angeles,42712,17369.7,"$11,460 ","$37,103 ","$36,739 "
Belmont,San Mateo,26503,5730.4,"$56,302 ","$106,287 ","$142,446 "
Belvedere,Marin,2036,3922.9,"$119,798 ","$166,250 ","$181,833 "
Benbow,Humboldt,314,64.3,"$30,828 ","$47,308 ","$46,779 "
Bend,Tehama,641,219.7,"$33,164 ","$74,375 ","$86,964 "
Benicia,Solano,27450,2123.1,"$43,640 ","$89,094 ","$113,235 "
Ben Lomond,Santa Cruz,6485,775.7,"$36,066 ","$70,281 ","$88,986 "
Benton,Mono,178,6.2,"$19,566 ","$26,000 ","$43,468 "
Berkeley,Alameda,115688,11053.7,"$42,406 ","$65,283 ","$114,720 "
Bermuda Dunes,Riverside,7719,2613.1,"$35,103 ","$60,494 ","$61,940 "
Berry Creek,Butte,1292,22.6,"$22,781 ","$41,287 ","$52,188 "
Bertsch-Oceanview,Del Norte,2568,468,"$17,953 ","$35,678 ","$48,269 "
Bethel Island,Contra Costa,2158,386.5,"$30,388 ","$36,845 ","$72,536 "
Beverly Hills,Los Angeles,34536,6050.5,"$81,788 ","$87,366 ","$123,636 "
Bieber,Lassen,127,77.6,"$17,413 ","$42,083 ","$52,083 "
Big Bear City,San Bernardino,12563,393.2,"$23,024 ","$43,404 ","$50,346 "
Big Bear Lake,San Bernardino,5104,804.2,"$30,115 ","$41,058 ","$47,368 "
Big Bend,Shasta,87,15.2,"$17,511 ","$23,750 ","$41,750 "
Big Creek,Fresno,201,437,"$36,270 ","$82,917 ","$101,250 "
Biggs,Butte,2010,3160.4,"$16,624 ","$40,847 ","$42,273 "
Big Lagoon,Humboldt,142,237.1,"$27,510 ","$60,179 ","$92,639 "
Big Pine,Inyo,1612,545.7,"$26,038 ","$49,750 ","$61,563 "
Big River,San Bernardino,1061,98,"$23,785 ","$23,589 ","$34,750 "
Biola,Fresno,1017,1571.9,"$8,090 ","$26,750 ","$32,333 "
Bishop,Inyo,3851,2066,"$23,661 ","$30,395 ","$65,142 "
Blackhawk,Contra Costa,9297,1602.7,"$85,049 ","$167,875 ","$195,833 "
Blacklake,San Luis Obispo,942,901.4,"$48,044 ","$71,471 ","$81,917 "
Black Point-Green Point,Marin,1111,393,"$71,770 ","$117,431 ","$130,893 "
Blairsden,Plumas,35,64.6,"$41,300 ","$11,250 ",[7]
Bloomfield,Sonoma,373,45.8,"$40,524 ","$77,955 ","$122,863 "
Bloomington,San Bernardino,25228,4213.8,"$14,012 ","$48,985 ","$48,091 "
Blue Lake,Humboldt,1258,2121.4,"$25,209 ","$45,750 ","$58,125 "
Bluewater,San Bernardino,174,195.1,"$26,989 ","$40,417 ","$42,250 "
Blythe,Riverside,20101,767.5,"$15,835 ","$46,393 ","$48,400 "
Bodega,Sonoma,156,53.8,"$53,951 ","$29,688 ",[7]
Bodega Bay,Sonoma,603,72.3,"$72,541 ","$86,000 ","$143,333 "
Bodfish,Kern,1961,246,"$16,580 ","$20,121 ","$21,861 "
Bolinas,Marin,1403,240.8,"$50,783 ","$74,310 ","$115,741 "
Bombay Beach,Imperial,171,181.7,"$22,526 ","$15,050 ","$11,875 "
Bonadelle Ranchos-Madera Ranchos,Madera,8503,730.6,"$29,845 ","$77,321 ","$81,735 "
Bonita,San Diego,13864,2763.4,"$34,407 ","$87,666 ","$99,860 "
Bonny Doon,Santa Cruz,2752,164.9,"$46,896 ","$88,221 ","$104,609 "
Bonsall,San Diego,4138,308.9,"$43,006 ","$69,399 ","$81,711 "
Boonville,Mendocino,1090,196.7,"$14,796 ","$35,938 ","$39,632 "
Bootjack,Mariposa,959,137,"$19,924 ","$41,683 ","$54,583 "
Boron,Kern,2241,162.4,"$15,269 ","$31,333 ","$31,534 "
Boronda,Monterey,1278,2323.6,"$13,117 ","$42,333 ","$42,292 "
Borrego Springs,San Diego,2359,54.8,"$21,464 ","$36,583 ","$43,750 "
Bostonia,San Diego,16460,8519.7,"$19,252 ","$42,333 ","$47,347 "
Boulder Creek,Santa Cruz,4741,631.1,"$43,381 ","$79,392 ","$103,583 "
Boulevard,San Diego,434,111.1,"$16,235 ","$12,421 ","$72,943 "
Bowles,Fresno,182,477.7,"$18,409 ","$31,250 ","$90,833 "
Boyes Hot Springs,Sonoma,7664,7237,"$26,245 ","$54,788 ","$56,331 "
Bradbury,Los Angeles,845,431.8,"$76,472 ","$112,273 ","$116,667 "
Bradley,Monterey,127,1476.7,"$19,103 ","$53,333 ","$73,500 "
Brawley,Imperial,25478,3316.6,"$17,700 ","$41,718 ","$47,344 "
Brea,Orange,40443,3316.9,"$35,245 ","$81,857 ","$98,944 "
Brentwood,Contra Costa,54062,3640.3,"$33,357 ","$88,697 ","$100,925 "
Bret Harte,Stanislaus,4998,9103.8,"$9,379 ","$28,279 ","$31,389 "
Bridgeport,Mono,761,35,"$28,094 ","$39,118 ","$107,896 "
Brisbane,San Mateo,4421,1428,"$40,401 ","$80,233 ","$96,477 "
Broadmoor,San Mateo,4734,10496.7,"$34,328 ","$100,109 ","$110,160 "
Brookdale,Santa Cruz,2204,572.9,"$56,819 ","$84,451 ","$104,817 "
Brooktrails,Mendocino,3589,493.5,"$22,821 ","$48,097 ","$51,250 "
Buckhorn,Amador,2503,426.4,"$24,548 ","$49,583 ","$57,595 "
Buck Meadows,Mariposa,50,28.7,"$20,440 ",[7],[7]
Bucks Lake,Plumas,14,1.4,[7],[7],[7]
Buellton,Santa Barbara,4924,3112.5,"$29,597 ","$59,695 ","$84,267 "
Buena Park,Orange,82191,7809.9,"$24,525 ","$68,884 ","$72,878 "
Buena Vista,Amador,284,175.1,"$21,452 ","$58,419 ","$49,083 "
Burbank,Los Angeles,104484,6025.3,"$33,882 ","$66,111 ","$82,063 "
Burbank,Santa Clara,5869,14563.3,"$28,373 ","$64,592 ","$65,588 "
Burlingame,San Mateo,29618,6723.7,"$61,062 ","$90,890 ","$132,210 "
Burney,Shasta,3172,610.5,"$19,176 ","$38,214 ","$43,346 "
Burnt Ranch,Trinity,308,23,"$25,077 ","$55,500 ","$59,028 "
Butte Creek Canyon,Butte,805,39.3,"$47,737 ","$75,417 ","$81,875 "
Butte Meadows,Butte,34,15.9,[7],[7],[7]
Butte Valley,Butte,603,33,"$26,612 ","$52,734 ","$52,813 "
Buttonwillow,Kern,1371,197.9,"$13,690 ","$34,274 ","$32,647 "
Byron,Contra Costa,1305,201.1,"$29,962 ","$75,673 ","$60,250 "
Bystrom,Stanislaus,3805,5359.2,"$11,583 ","$25,543 ","$30,474 "
Cabazon,Riverside,3266,671.2,"$12,032 ","$40,144 ","$33,551 "
Calabasas,Los Angeles,23956,1747.8,"$60,703 ","$117,176 ","$136,724 "
Calexico,Imperial,39281,4550.6,"$12,960 ","$35,233 ","$40,218 "
California City,Kern,13243,65.1,"$22,908 ","$57,660 ","$61,581 "
California Hot Springs,Tulare,74,98.9,"$23,838 ","$41,250 ","$83,750 "
California Pines,Modoc,367,49.4,"$16,074 ","$41,518 ","$74,236 "
Calimesa,Riverside,8143,548.5,"$24,981 ","$42,392 ","$61,319 "
Calipatria,Imperial,7599,2044.9,"$10,352 ","$30,911 ","$32,135 "
Calistoga,Napa,5244,2018.5,"$33,280 ","$52,131 ","$83,889 "
Callender,San Luis Obispo,1537,672.4,"$29,647 ","$75,200 ","$77,936 "
Calpella,Mendocino,424,167.1,"$22,521 ","$44,000 ","$54,038 "
Calpine,Sierra,189,266.2,"$32,869 ","$25,938 ","$126,000 "
Calwa,Fresno,1330,2131.4,"$6,559 ","$18,625 ","$14,219 "
Camanche North Shore,Amador,947,406.1,"$33,000 ","$77,375 ","$83,276 "
Camanche Village,Amador,840,154.5,"$29,831 ","$86,176 ","$103,214 "
Camarillo,Ventura,65985,3378.3,"$39,689 ","$87,120 ","$102,201 "
Cambria,San Luis Obispo,6246,734.1,"$40,857 ","$62,948 ","$82,656 "
Cambrian Park,Santa Clara,3318,5567.1,"$46,468 ","$101,406 ","$112,500 "
Cameron Park,El Dorado,18831,1695.4,"$35,469 ","$74,690 ","$86,690 "
Camino,El Dorado,1833,814.7,"$35,973 ","$72,383 ","$81,477 "
Camino Tassajara,Contra Costa,1789,1404.2,"$64,980 ","$142,371 ","$155,948 "
Campbell,Santa Clara,40327,6948.1,"$44,769 ","$91,269 ","$103,539 "
Camp Nelson,Tulare,100,80.8,"$46,972 ","$84,107 ","$84,107 "
Campo,San Diego,3031,129.1,"$28,810 ","$59,294 ","$75,272 "
Camp Pendleton North,San Diego,6436,726.9,"$17,566 ","$37,075 ","$37,075 "
Camp Pendleton South,San Diego,12691,3243.3,"$15,779 ","$43,742 ","$43,568 "
Camptonville,Yuba,150,175.6,"$21,369 ","$28,750 ","$47,917 "
Canby,Modoc,693,305.6,"$11,576 ","$41,932 ","$41,932 "
Cantua Creek,Fresno,440,115.9,"$9,890 ","$31,181 ","$31,181 "
Canyondam,Plumas,78,100.5,"$18,027 ",[7],[7]
Canyon Lake,Riverside,10810,2764,"$34,925 ","$74,682 ","$79,561 "
Capitola,Santa Cruz,10043,6304.5,"$37,940 ","$56,607 ","$81,133 "
Caribou,Plumas,0,0,[7],[7],[7]
Carlsbad,San Diego,109296,2897,"$44,305 ","$87,416 ","$106,924 "
Carmel-by-the-Sea,Monterey,3807,3525,"$45,928 ","$62,460 ","$92,750 "
Carmel Valley Village,Monterey,4321,227.6,"$55,560 ","$95,444 ","$115,333 "
Carmet,Sonoma,14,48.8,[7],[7],[7]
Carmichael,Sacramento,63314,4680.2,"$32,665 ","$54,598 ","$70,783 "
Carnelian Bay,Placer,463,356.4,"$36,276 ","$72,083 ","$91,389 "
Carpinteria,Santa Barbara,13323,5152,"$33,331 ","$65,467 ","$76,311 "
Carrick,Siskiyou,66,1118.6,"$12,639 ",[7],[7]
Carson,Los Angeles,92475,4939.1,"$23,622 ","$71,420 ","$76,997 "
Cartago,Inyo,38,32.5,"$32,953 ","$46,016 ",[7]
Caruthers,Fresno,3338,1650,"$13,785 ","$44,375 ","$44,898 "
Casa Conejo,Ventura,3699,7836.9,"$28,694 ","$89,432 ","$100,125 "
Casa de Oro-Mount Helix,San Diego,21076,3076.8,"$37,682 ","$75,637 ","$96,717 "
Casmalia,Santa Barbara,114,606.4,"$20,635 ","$47,031 ","$45,938 "
Caspar,Mendocino,599,200.2,"$28,594 ","$50,000 ","$75,104 "
Cassel,Shasta,349,172.3,"$27,611 ","$34,600 ","$33,450 "
Castaic,Los Angeles,18619,2563.9,"$35,715 ","$105,523 ","$110,130 "
Castle Hill,Contra Costa,1223,1682.3,"$54,105 ","$113,952 ","$124,167 "
Castro Valley,Alameda,62363,3725.4,"$38,897 ","$83,442 ","$97,572 "
Castroville,Monterey,6226,6092,"$14,156 ","$50,000 ","$52,069 "
Cathedral City,Riverside,52550,2444.2,"$19,674 ","$43,128 ","$47,489 "
Catheys Valley,Mariposa,878,37.5,"$32,190 ","$51,528 ","$57,813 "
Cayucos,San Luis Obispo,2553,823.5,"$45,327 ","$57,863 ","$73,021 "
Cazadero,Sonoma,312,43.8,"$25,780 ","$43,875 ","$42,969 "
Cedar Ridge,Tuolumne,1132,145.3,"$33,038 ","$54,271 ","$73,750 "
Cedar Slope,Tulare,0,0,[7],[7],[7]
Cedarville,Modoc,297,54.6,"$22,492 ","$28,274 ","$29,048 "
Centerville,Fresno,348,42.8,"$39,458 ","$85,833 ","$106,250 "
Ceres,Stanislaus,46570,4992.5,"$18,575 ","$46,132 ","$48,964 "
Cerritos,Los Angeles,49599,5686.7,"$35,460 ","$91,487 ","$100,919 "
Chalfant,Mono,714,25.5,"$34,043 ","$66,361 ","$86,731 "
Challenge-Brownsville,Yuba,952,98.1,"$19,383 ","$47,959 ","$36,771 "
Channel Islands Beach,Ventura,2778,6876.2,"$53,956 ","$90,521 ","$110,461 "
Charter Oak,Los Angeles,9200,9913.8,"$24,139 ","$61,946 ","$70,187 "
Cherokee,Butte,80,45.7,"$23,230 ","$36,875 ","$85,156 "
Cherokee Strip,Kern,295,3241.8,"$9,350 ","$36,250 ","$28,026 "
Cherryland,Alameda,15244,12735.2,"$20,378 ","$50,374 ","$50,537 "
Cherry Valley,Riverside,6823,850.7,"$29,789 ","$58,080 ","$66,047 "
Chester,Plumas,1978,271.4,"$21,631 ","$40,417 ","$48,409 "
Chico,Butte,87517,2658.3,"$24,775 ","$42,334 ","$60,195 "
Chilcoot-Vinton,Plumas,130,9.8,"$14,089 ",[7],[7]
China Lake Acres,Kern,1376,264.1,"$22,054 ","$21,970 ","$37,422 "
Chinese Camp,Tuolumne,99,110.2,"$27,201 ","$24,722 ","$103,125 "
Chino,San Bernardino,80810,2724.2,"$23,116 ","$72,554 ","$78,328 "
Chino Hills,San Bernardino,76187,1705,"$35,529 ","$97,609 ","$105,911 "
Chowchilla,Madera,18411,1653.1,"$11,856 ","$36,852 ","$38,180 "
Chualar,Monterey,1255,2004.8,"$15,542 ","$58,036 ","$57,679 "
Chula Vista,San Diego,253031,5098.2,"$25,385 ","$66,110 ","$74,703 "
Citrus,Los Angeles,11446,12904.2,"$17,422 ","$58,626 ","$61,119 "
Citrus Heights,Sacramento,84678,5951.1,"$24,915 ","$51,150 ","$59,355 "
Claremont,Los Angeles,35569,2664.3,"$39,402 ","$89,648 ","$108,739 "
Clarksburg,Yolo,406,200.1,"$35,308 ","$49,783 ","$49,130 "
Clay,Sacramento,1153,170.7,"$35,120 ","$76,184 ","$71,429 "
Clayton,Contra Costa,11328,2950,"$54,740 ","$131,136 ","$141,623 "
Clear Creek,Lassen,182,160.6,"$19,851 ","$33,021 ","$65,938 "
Clearlake,Lake,15121,1492.8,"$16,301 ","$25,532 ","$30,772 "
Clearlake Oaks,Lake,1547,782.1,"$20,844 ","$27,500 ","$38,750 "
Clearlake Riviera,Lake,2912,557.4,"$23,831 ","$43,167 ","$45,842 "
Cleone,Mendocino,679,426.2,"$31,822 ","$62,632 ","$59,853 "
Clio,Plumas,49,85.1,"$29,645 ","$75,313 ",[7]
Clipper Mills,Butte,0,0,[7],[7],[7]
Cloverdale,Sonoma,8692,2863,"$28,677 ","$59,120 ","$67,746 "
Clovis,Fresno,98815,4210.8,"$28,497 ","$63,662 ","$74,201 "
Clyde,Contra Costa,680,4788.7,"$27,403 ","$41,382 ","$93,750 "
Coachella,Riverside,42576,1470.7,"$12,321 ","$40,423 ","$40,018 "
Coalinga,Fresno,17235,2581.6,"$19,237 ","$50,373 ","$53,750 "
Coarsegold,Madera,1172,106.7,"$26,734 ","$30,216 ","$66,346 "
Cobb,Lake,1147,230.3,"$29,938 ","$71,641 ","$83,357 "
Coffee Creek,Trinity,132,11.5,"$26,230 ","$58,889 ","$92,500 "
Cohasset,Butte,808,31.9,"$21,582 ","$55,595 ","$58,520 "
Cold Springs,El Dorado,623,825.2,"$23,860 ","$49,150 ","$81,458 "
Cold Springs,Tuolumne,193,111.3,"$31,913 ","$34,963 ",[7]
Coleville,Mono,395,28.7,"$36,201 ","$45,147 ","$46,397 "
Colfax,Placer,2424,1724,"$24,810 ","$46,902 ","$48,269 "
College City,Colusa,196,59.8,"$26,042 ","$97,727 ","$97,727 "
Collierville,San Joaquin,1942,294.5,"$28,835 ","$51,595 ","$60,096 "
Colma,San Mateo,1837,964.3,"$30,256 ","$88,438 ","$95,208 "
Coloma,El Dorado,761,226.8,"$30,194 ","$65,426 ","$66,051 "
Colton,San Bernardino,53129,3467,"$16,004 ","$39,915 ","$44,608 "
Columbia,Tuolumne,2456,412,"$20,816 ","$40,313 ","$52,029 "
Colusa,Colusa,5962,3250.8,"$22,606 ","$45,959 ","$50,515 "
Commerce,Los Angeles,12975,1984.6,"$15,625 ","$45,846 ","$50,948 "
Comptche,Mendocino,77,66.7,"$47,960 ","$83,750 ",[7]
Compton,Los Angeles,97663,9754.6,"$13,847 ","$43,230 ","$45,877 "
Concord,Contra Costa,125017,4093,"$31,404 ","$67,122 ","$78,218 "
Concow,Butte,539,19.7,"$29,949 ","$34,773 ","$58,438 "
Contra Costa Centre,Contra Costa,6031,9482.7,"$57,385 ","$87,721 ","$107,547 "
Copperopolis,Calaveras,4365,210,"$31,166 ","$56,831 ","$71,477 "
Corcoran,Kings,23634,3149.5,"$7,995 ","$34,082 ","$35,048 "
Corning,Tehama,7617,2145.6,"$13,776 ","$36,906 ","$35,390 "
Corona,Riverside,157395,4052.8,"$27,577 ","$77,021 ","$82,607 "
Coronado,San Diego,24333,3068.1,"$48,476 ","$90,876 ","$112,608 "
Coronita,Riverside,3397,4951.9,"$26,292 ","$78,304 ","$77,857 "
Corralitos,Santa Cruz,2812,312.9,"$36,032 ","$84,466 ","$94,778 "
Corte Madera,Marin,9478,2996.5,"$64,762 ","$113,279 ","$141,143 "
Costa Mesa,Orange,111635,7110.5,"$33,342 ","$66,491 ","$76,781 "
Cotati,Sonoma,7347,3908,"$32,834 ","$59,808 ","$75,461 "
Coto de Caza,Orange,14647,1897,"$70,990 ","$166,328 ","$172,654 "
Cottonwood,Shasta,4178,1805.5,"$17,268 ","$42,660 ","$44,450 "
Coulterville,Mariposa,227,53.9,"$28,431 ","$45,000 ",[7]
Country Club,San Joaquin,10018,5225.9,"$20,643 ","$43,323 ","$50,168 "
Courtland,Sacramento,515,286.1,"$42,765 ","$58,472 ","$57,266 "
Covelo,Mendocino,1444,203.5,"$17,585 ","$26,389 ","$23,553 "
Covina,Los Angeles,48429,6890.9,"$25,622 ","$64,496 ","$73,113 "
Cowan,Stanislaus,510,3269.2,"$11,454 ","$37,656 ","$25,833 "
Crescent City,Del Norte,7295,3716.3,"$12,430 ","$27,885 ","$43,554 "
Crescent Mills,Plumas,426,100.4,"$15,014 ","$31,655 ","$32,230 "
Cressey,Merced,322,183.2,"$22,093 ","$53,214 ","$53,214 "
Crest,San Diego,2393,366.4,"$35,347 ","$74,115 ","$79,632 "
Crestline,San Bernardino,9437,681.9,"$24,754 ","$47,175 ","$53,552 "
Creston,San Luis Obispo,61,108.2,"$58,821 ","$83,523 ",[7]
C-Road,Plumas,213,79.9,"$23,339 ","$78,796 ","$79,583 "
Crockett,Contra Costa,3151,2972.6,"$42,310 ","$81,667 ","$89,588 "
Cromberg,Plumas,172,19,"$48,815 ","$32,188 ","$163,030 "
Crowley Lake,Mono,707,251.9,"$40,119 ","$88,500 ","$93,611 "
Crows Landing,Stanislaus,194,61.2,"$13,302 ","$29,018 ","$31,563 "
Cudahy,Los Angeles,24073,20487.7,"$11,400 ","$37,759 ","$36,289 "
Culver City,Los Angeles,39353,7699.7,"$45,792 ","$79,292 ","$99,860 "
Cupertino,Santa Clara,59787,5285.7,"$55,867 ","$134,872 ","$158,053 "
Cutler,Tulare,4224,5234.2,"$6,456 ","$18,346 ","$17,629 "
Cutten,Humboldt,3117,2408.8,"$30,467 ","$55,080 ","$71,381 "
Cuyama,Santa Barbara,72,158.9,"$10,951 ","$27,188 ","$27,917 "
Cypress,Orange,48748,7373.8,"$33,693 ","$83,819 ","$92,166 "
Daly City,San Mateo,103897,13599.1,"$28,753 ","$74,489 ","$83,096 "
Dana Point,Orange,33861,5210.2,"$51,474 ","$84,404 ","$103,457 "
Danville,Contra Costa,42891,2372.7,"$65,783 ","$140,616 ","$157,842 "
Daphnedale Park,Modoc,20,15,[7],[7],[7]
Darwin,Inyo,18,13.4,"$24,089 ",[7],[7]
Davenport,Santa Cruz,303,106.9,"$33,563 ","$67,031 ","$78,393 "
Davis,Yolo,66093,6687.5,"$33,646 ","$57,454 ","$110,692 "
Day Valley,Santa Cruz,3869,209.1,"$39,039 ","$73,393 ","$85,438 "
Deer Park,Napa,1072,192.2,"$53,298 ","$97,266 ","$122,361 "
Del Aire,Los Angeles,10406,10262.3,"$31,248 ","$79,943 ","$88,997 "
Delano,Kern,52883,3697.3,"$10,455 ","$36,244 ","$36,684 "
Delft Colony,Tulare,164,2484.8,"$2,685 ","$8,456 ","$8,456 "
Delhi,Merced,9918,2825.6,"$15,121 ","$46,224 ","$48,077 "
Delleker,Plumas,798,288.5,"$20,945 ","$30,878 ","$66,250 "
Del Mar,San Diego,4242,2485.1,"$87,852 ","$103,457 ","$123,938 "
Del Monte Forest,Monterey,6439,800.5,"$48,338 ","$102,396 ","$126,250 "
Del Rey,Fresno,1489,1223.5,"$9,746 ","$31,222 ","$31,065 "
Del Rey Oaks,Monterey,1727,3597.9,"$41,181 ","$101,250 ","$120,417 "
Del Rio,Stanislaus,1769,970.4,"$50,082 ","$102,679 ","$117,730 "
Denair,Stanislaus,4892,2469.5,"$22,069 ","$63,136 ","$68,750 "
Derby Acres,Kern,324,90.5,"$26,230 ","$34,792 ","$62,813 "
Descanso,San Diego,1305,67.9,"$30,185 ","$59,115 ","$54,167 "
Desert Center,Riverside,208,6.8,"$19,180 ","$55,750 ","$56,500 "
Desert Edge,Riverside,4244,1871.3,"$19,756 ","$30,579 ","$43,950 "
Desert Hot Springs,Riverside,27678,916.5,"$14,466 ","$33,575 ","$34,850 "
Desert Palms,Riverside,6776,2536.9,"$46,954 ","$56,108 ","$82,035 "
Desert Shores,Imperial,1039,1503.6,"$11,407 ","$30,735 ","$36,111 "
Desert View Highlands,Los Angeles,2291,5206.8,"$19,362 ","$62,946 ","$70,650 "
Diablo,Contra Costa,969,714.1,"$113,989 ","$167,188 ",[7]
Diablo Grande,Stanislaus,1083,211.8,"$33,285 ","$92,880 ","$92,609 "
Diamond Bar,Los Angeles,56259,3781.1,"$34,539 ","$90,901 ","$95,500 "
Diamond Springs,El Dorado,12105,727.4,"$24,922 ","$52,483 ","$68,474 "
Dillon Beach,Marin,82,27.5,"$42,220 ","$44,417 ","$46,389 "
Dinuba,Tulare,22828,3528.3,"$12,838 ","$38,509 ","$37,478 "
Discovery Bay,Contra Costa,14315,2272.2,"$43,649 ","$112,063 ","$114,085 "
Dixon,Solano,18718,2626,"$26,501 ","$66,818 ","$71,994 "
Dixon Lane-Meadow Creek,Inyo,2447,728.3,"$27,392 ","$44,792 ","$72,394 "
Dobbins,Yuba,658,84.9,"$19,331 ","$35,469 ","$48,182 "
Dogtown,San Joaquin,2475,190.9,"$30,638 ","$68,281 ","$79,565 "
Dollar Point,Placer,1076,658.1,"$44,872 ","$68,892 ","$87,500 "
Dorrington,Calaveras,349,96.2,"$42,523 ","$81,477 ","$80,909 "
Dorris,Siskiyou,1115,1588.3,"$13,843 ","$30,179 ","$32,708 "
Dos Palos,Merced,5023,3723.5,"$13,218 ","$33,700 ","$34,171 "
Dos Palos Y,Merced,171,108.4,"$19,360 ","$17,708 ","$22,000 "
Douglas City,Trinity,670,26.8,"$22,331 ","$31,645 ","$52,000 "
Downey,Los Angeles,113082,9113.6,"$23,216 ","$60,374 ","$64,187 "
Downieville,Sierra,233,73.2,"$29,637 ","$54,196 ","$112,589 "
Doyle,Lassen,382,62.6,"$20,169 ","$21,950 ","$39,196 "
Drytown,Amador,148,40.1,"$25,704 ","$77,188 ","$107,700 "
Duarte,Los Angeles,21676,3240.1,"$26,421 ","$62,186 ","$72,440 "
Dublin,Alameda,49694,3262.3,"$44,679 ","$114,699 ","$128,737 "
Ducor,Tulare,646,1059,"$10,834 ","$28,036 ","$23,833 "
Dunnigan,Yolo,1017,194.4,"$27,670 ","$63,875 ","$74,828 "
Dunsmuir,Siskiyou,1482,923.9,"$20,503 ","$29,464 ","$38,571 "
Durham,Butte,5743,70.2,"$34,648 ","$69,323 ","$75,050 "
Dustin Acres,Kern,295,80.3,"$24,897 ","$48,269 ","$59,688 "
Dutch Flat,Placer,132,222.6,"$33,769 ","$54,000 ","$58,750 "
Eagleville,Modoc,70,72.2,"$19,651 ","$28,333 ","$52,083 "
Earlimart,Tulare,8310,3947.7,"$7,894 ","$24,968 ","$26,435 "
East Foothills,Santa Clara,6479,3094.1,"$49,726 ","$120,881 ","$122,969 "
East Hemet,Riverside,18188,3489,"$19,371 ","$45,374 ","$49,055 "
East Los Angeles,Los Angeles,127610,17128.9,"$12,905 ","$39,103 ","$41,577 "
East Nicolaus,Sutter,251,54.8,"$22,273 ","$42,566 ","$44,408 "
East Oakdale,Stanislaus,2901,611.8,"$40,010 ","$84,018 ","$95,938 "
Easton,Fresno,1991,661.2,"$26,678 ","$58,813 ","$63,917 "
East Orosi,Tulare,321,1294.4,"$7,465 ","$29,000 ","$31,375 "
East Palo Alto,San Mateo,28920,11540.3,"$18,527 ","$52,716 ","$53,094 "
East Pasadena,Los Angeles,6123,4642.2,"$45,380 ","$76,019 ","$87,273 "
East Porterville,Tulare,6585,2209.7,"$10,164 ","$31,900 ","$31,012 "
East Quincy,Plumas,2633,217.4,"$23,396 ","$51,045 ","$56,667 "
East Rancho Dominguez,Los Angeles,15343,18665.5,"$13,065 ","$44,964 ","$47,115 "
East Richmond Heights,Contra Costa,3501,6036.2,"$32,733 ","$68,185 ","$83,125 "
East San Gabriel,Los Angeles,15573,9982.7,"$33,792 ","$72,500 ","$90,219 "
East Shore,Plumas,203,171.6,"$48,613 ","$80,625 ","$152,083 "
East Sonora,Tuolumne,2168,875.6,"$28,074 ","$43,484 ","$52,500 "
East Tulare Villa,Tulare,951,1973,"$15,225 ","$45,446 ","$45,625 "
Eastvale,Riverside,55298,4366.9,"$28,687 ","$109,783 ","$109,717 "
East Whittier,Los Angeles,10440,9578,"$27,809 ","$66,377 ","$73,207 "
Edgewood,Siskiyou,30,29.5,"$15,243 ","$34,375 ","$35,313 "
Edmundson Acres,Kern,274,4151.5,"$9,448 ","$35,000 ","$34,375 "
Edna,San Luis Obispo,174,142.7,"$31,055 ","$75,294 ","$75,417 "
Edwards AFB,Kern,2503,146.1,"$20,554 ","$63,162 ","$64,265 "
El Cajon,San Diego,101582,7016.3,"$20,430 ","$45,957 ","$50,257 "
El Centro,Imperial,43268,3903.6,"$18,463 ","$41,677 ","$47,303 "
El Cerrito,Contra Costa,24136,6599.9,"$45,190 ","$88,380 ","$104,524 "
El Cerrito,Riverside,5551,2174.3,"$22,752 ","$60,987 ","$61,467 "
El Dorado Hills,El Dorado,43862,905.3,"$46,853 ","$118,306 ","$129,292 "
Eldridge,Sonoma,1333,2044.5,"$29,956 ","$54,355 ","$61,786 "
El Granada,San Mateo,5377,1114.9,"$57,758 ","$110,000 ","$158,309 "
Elizabeth Lake,Los Angeles,1603,256.6,"$30,157 ","$56,806 ","$66,500 "
Elk Creek,Glenn,136,93.9,"$23,439 ","$42,500 ","$44,464 "
Elk Grove,Sacramento,158455,3755.5,"$29,695 ","$79,051 ","$84,732 "
Elkhorn,Monterey,1342,279.1,"$33,900 ","$84,758 ","$103,750 "
Elmira,Solano,242,455.7,"$24,259 ","$71,793 ","$70,870 "
El Monte,Los Angeles,115243,12052.2,"$15,010 ","$38,906 ","$40,727 "
El Nido,Merced,412,125.2,"$29,007 ","$30,956 ","$33,375 "
El Paso de Robles (Paso Robles),San Luis Obispo,30522,1594.1,"$28,358 ","$59,978 ","$66,880 "
El Portal,Mariposa,601,584.1,"$41,825 ","$102,872 ","$103,429 "
El Rancho,Tulare,16,222.2,[7],[7],[7]
El Rio,Ventura,6785,3352.3,"$17,696 ","$59,179 ","$67,039 "
El Segundo,Los Angeles,16839,3082.4,"$42,575 ","$84,004 ","$103,205 "
El Sobrante,Contra Costa,13122,4745.8,"$30,822 ","$60,732 ","$66,806 "
El Sobrante,Riverside,14855,2059.5,"$30,822 ","$99,080 ","$99,126 "
El Verano,Sonoma,4338,3798.6,"$25,804 ","$50,811 ","$43,250 "
Elverta,Sacramento,5547,627.3,"$23,017 ","$60,718 ","$61,516 "
Emerald Lake Hills,San Mateo,4519,3781.6,"$80,009 ","$166,063 ","$188,654 "
Emeryville,Alameda,10497,8194.4,"$53,155 ","$69,329 ","$84,688 "
Empire,Stanislaus,4296,2748.6,"$12,446 ","$31,446 ","$34,128 "
Encinitas,San Diego,61008,3243,"$48,067 ","$92,564 ","$111,696 "
Escalon,San Joaquin,7252,3151.7,"$26,249 ","$57,971 ","$72,694 "
Escondido,San Diego,147603,3982.9,"$21,684 ","$49,409 ","$53,983 "
Esparto,Yolo,3229,701.8,"$19,565 ","$64,844 ","$66,652 "
Etna,Siskiyou,750,986.8,"$14,168 ","$26,711 ","$28,438 "
Eucalyptus Hills,San Diego,5352,1124.8,"$31,768 ","$71,861 ","$78,313 "
Eureka,Humboldt,27039,2881.4,"$21,151 ","$38,007 ","$50,807 "
Exeter,Tulare,10468,4250.1,"$19,357 ","$41,341 ","$46,295 "
Fairbanks Ranch,San Diego,3245,637,"$55,172 ","$119,228 ","$133,707 "
Fairfax,Marin,7546,3423.8,"$56,506 ","$93,354 ","$132,545 "
Fairfield,Solano,107983,2888.2,"$27,110 ","$66,190 ","$75,091 "
Fairmead,Madera,1983,256.3,"$10,861 ","$31,058 ","$37,550 "
Fair Oaks,Sacramento,31256,2895.1,"$40,467 ","$73,295 ","$91,885 "
Fairview,Alameda,9852,3582.5,"$36,521 ","$90,365 ","$100,551 "
Fallbrook,San Diego,31435,1793.7,"$25,565 ","$51,765 ","$56,025 "
Fall River Mills,Shasta,712,274.6,"$17,021 ","$32,824 ","$30,893 "
Farmersville,Tulare,10675,4727.6,"$11,102 ","$32,455 ","$34,538 "
Farmington,San Joaquin,124,48.8,"$55,222 ","$19,886 ","$130,357 "
Fellows,Kern,98,149.4,"$24,036 ","$63,250 ","$63,500 "
Felton,Santa Cruz,3957,869.3,"$41,368 ","$75,550 ","$95,000 "
Ferndale,Humboldt,1456,1417.7,"$37,233 ","$45,948 ","$61,058 "
Fetters Hot Springs-Agua Caliente,Sonoma,4866,3330.6,"$28,459 ","$58,232 ","$60,761 "
Fiddletown,Amador,86,18.6,"$23,801 ","$42,500 ",[7]
Fieldbrook,Humboldt,812,77.6,"$30,480 ","$62,750 ","$82,292 "
Fields Landing,Humboldt,130,469.3,"$25,299 ","$16,537 ",[7]
Fillmore,Ventura,15203,4519.3,"$19,205 ","$54,519 ","$60,142 "
Firebaugh,Fresno,7935,2257.5,"$12,436 ","$31,312 ","$33,518 "
Fish Camp,Mariposa,44,48.7,"$15,666 ",[7],[7]
Florence-Graham,Los Angeles,62815,17546.1,"$10,957 ","$33,992 ","$33,360 "
Florin,Sacramento,50791,5834.7,"$16,358 ","$40,183 ","$44,694 "
Floriston,Nevada,58,61.1,"$36,800 ","$56,607 ","$59,375 "
Flournoy,Tehama,143,24.7,"$18,901 ","$58,500 ","$59,250 "
Folsom,Sacramento,73334,3341.4,"$38,472 ","$100,163 ","$116,527 "
Fontana,San Bernardino,201355,4745.6,"$19,685 ","$64,995 ","$66,795 "
Foothill Farms,Sacramento,33024,7862.9,"$19,658 ","$44,590 ","$45,764 "
Forbestown,Butte,450,71.7,"$20,552 ","$63,676 ","$64,853 "
Ford City,Kern,4154,2706.2,"$14,873 ","$32,134 ","$38,448 "
Foresthill,Placer,1345,120.2,"$26,123 ","$34,821 ","$75,820 "
Forest Meadows,Calaveras,1674,296,"$40,314 ","$70,484 ","$85,114 "
Forest Ranch,Butte,1064,76.4,"$30,503 ","$41,649 ","$48,313 "
Forestville,Sonoma,3461,658.4,"$28,818 ","$55,740 ","$66,136 "
Fort Bidwell,Modoc,161,50.3,"$16,952 ","$23,333 ","$29,167 "
Fort Bragg,Mendocino,7274,2646.1,"$20,585 ","$34,057 ","$54,615 "
Fort Irwin,San Bernardino,9191,1319.6,"$19,077 ","$49,928 ","$51,134 "
Fort Jones,Siskiyou,848,1408.6,"$16,945 ","$39,500 ","$51,250 "
Fortuna,Humboldt,11863,2448.5,"$21,626 ","$42,450 ","$51,213 "
Fort Washington,Fresno,430,3467.7,"$64,517 ","$92,566 ","$92,566 "
Foster City,San Mateo,31809,8379.6,"$55,318 ","$114,651 ","$130,566 "
Fountain Valley,Orange,56440,6221.3,"$34,382 ","$82,532 ","$93,322 "
Fowler,Fresno,5908,2324.2,"$19,298 ","$47,731 ","$62,070 "
Franklin,Merced,6840,3403,"$15,950 ","$34,671 ","$41,273 "
Franklin,Sacramento,33,15.7,"$23,882 ","$24,531 ",[7]
Frazier Park,Kern,2730,539.1,"$20,707 ","$43,077 ","$56,336 "
Freedom,Santa Cruz,3205,2903.1,"$18,078 ","$51,492 ","$52,885 "
Freeport,Sacramento,68,1545.5,"$25,197 ","$46,250 ",[7]
Fremont,Alameda,221654,2861.3,"$40,815 ","$103,591 ","$112,347 "
French Camp,San Joaquin,4155,1322.4,"$10,460 ","$35,833 ","$46,350 "
French Gulch,Shasta,441,35.8,"$14,994 ","$28,750 ","$27,833 "
French Valley,Riverside,26753,2456.4,"$26,621 ","$88,699 ","$88,614 "
Fresno,Fresno,506132,4470.2,"$19,226 ","$41,455 ","$45,554 "
Friant,Fresno,263,210.2,"$20,332 ","$18,884 ","$17,000 "
Fruitdale,Santa Clara,1089,4078.7,"$43,850 ","$73,250 ","$103,333 "
Fruitridge Pocket,Sacramento,5802,9542.8,"$10,884 ","$32,853 ","$34,948 "
Fuller Acres,Kern,924,1225.5,"$10,343 ","$33,750 ","$28,472 "
Fullerton,Orange,137945,6149.2,"$29,733 ","$65,909 ","$76,187 "
Fulton,Sonoma,441,226.3,"$34,310 ","$65,750 ","$116,146 "
Furnace Creek,Inyo,187,6,"$29,232 ","$33,000 ","$53,359 "
Galt,Sacramento,24280,4050,"$22,609 ","$59,375 ","$62,452 "
Garberville,Humboldt,1061,395.9,"$18,239 ","$29,694 ","$37,127 "
Gardena,Los Angeles,59682,10238.8,"$23,230 ","$47,856 ","$54,331 "
Garden Acres,San Joaquin,11172,4315.2,"$13,032 ","$38,940 ","$39,460 "
Garden Farms,San Luis Obispo,341,312,"$53,338 ","$102,344 ","$100,156 "
Garden Grove,Orange,173853,9681.6,"$21,241 ","$59,360 ","$62,562 "
Garey,Santa Barbara,74,58.5,"$17,823 ","$62,500 ","$46,667 "
Garnet,Riverside,6380,809.2,"$13,804 ","$37,910 ","$39,785 "
Gasquet,Del Norte,500,105.1,"$22,000 ","$35,547 ","$38,750 "
Gazelle,Siskiyou,76,131,"$12,700 ","$21,071 ","$30,833 "
Georgetown,El Dorado,2458,162.5,"$23,926 ","$46,136 ","$78,487 "
Gerber,Tehama,1201,1301.2,"$14,062 ","$31,781 ","$32,232 "
Geyserville,Sonoma,879,194.7,"$22,451 ","$49,271 ","$49,931 "
Gilroy,Santa Clara,50776,3145.6,"$29,559 ","$81,056 ","$86,098 "
Glendale,Los Angeles,195380,6417.7,"$29,264 ","$52,451 ","$61,806 "
Glendora,Los Angeles,50855,2621.5,"$32,090 ","$74,169 ","$82,961 "
Glen Ellen,Sonoma,614,292.1,"$43,374 ","$48,750 ","$49,167 "
Golden Hills,Kern,8398,685.6,"$26,782 ","$64,425 ","$68,682 "
Gold Mountain,Plumas,22,3.6,[7],[7],[7]
Gold River,Sacramento,7658,2904.1,"$57,795 ","$102,500 ","$115,926 "
Goleta,Santa Barbara,30333,3863.6,"$33,469 ","$75,766 ","$92,391 "
Gonzales,Monterey,8336,4348.5,"$19,466 ","$51,178 ","$43,370 "
Good Hope,Riverside,8911,793.3,"$11,960 ","$34,801 ","$39,135 "
Goodyears Bar,Sierra,23,11.2,[7],[7],[7]
Goshen,Tulare,3832,2155.2,"$10,421 ","$38,162 ","$34,211 "
Graeagle,Plumas,546,49.3,"$36,458 ","$54,688 ","$68,625 "
Grand Terrace,San Bernardino,12252,3498.6,"$29,572 ","$64,140 ","$78,763 "
Grangeville,Kings,607,948.4,"$30,119 ","$50,450 ","$67,125 "
Granite Bay,Placer,22646,1051.9,"$55,636 ","$118,063 ","$135,583 "
Granite Hills,San Diego,3438,1230.9,"$48,827 ","$111,684 ","$126,618 "
Graniteville,Nevada,0,0,[7],[7],[7]
Grass Valley,Nevada,12861,2711.6,"$23,005 ","$33,325 ","$40,591 "
Graton,Sonoma,1626,1029.8,"$26,548 ","$37,927 ","$56,250 "
Grayson,Stanislaus,888,348.4,"$14,153 ","$28,068 ","$35,096 "
Greeley Hill,Mariposa,566,26.9,"$21,738 ","$30,766 ","$58,646 "
Greenacres,Kern,4949,2587,"$30,071 ","$64,052 ","$69,561 "
Green Acres,Riverside,2330,1664.3,"$14,428 ","$55,417 ","$55,444 "
Greenfield,Kern,3974,2746.4,"$21,522 ","$51,410 ","$50,625 "
Greenfield,Monterey,16715,7829,"$13,567 ","$52,374 ","$49,544 "
Greenhorn,Plumas,182,27.1,"$52,332 ","$58,023 ","$48,875 "
Green Valley,Los Angeles,1022,79.8,"$46,357 ","$93,313 ","$129,531 "
Green Valley,Solano,1217,146.5,"$72,511 ","$77,946 ","$134,766 "
Greenview,Siskiyou,183,141.3,"$8,551 ","$14,193 ","$14,193 "
Greenville,Plumas,950,118.9,"$24,222 ","$30,766 ","$31,944 "
Grenada,Siskiyou,421,815.9,"$19,725 ","$30,750 ","$36,250 "
Gridley,Butte,6566,3172,"$16,870 ","$42,542 ","$47,438 "
Grimes,Colusa,419,185.3,"$14,078 ","$40,947 ","$29,750 "
Grizzly Flats,El Dorado,771,116.3,"$20,361 ","$56,250 ","$67,981 "
Groveland,Tuolumne,725,75.8,"$16,038 ","$31,932 ","$33,735 "
Grover Beach,San Luis Obispo,13337,5773.6,"$26,781 ","$49,418 ","$54,955 "
Guadalupe,Santa Barbara,7160,5469.8,"$14,903 ","$45,456 ","$46,420 "
Guerneville,Sonoma,3775,388.8,"$34,303 ","$42,712 ","$58,269 "
Guinda,Yolo,599,206.1,"$13,122 ","$77,596 ","$78,317 "
Gustine,Merced,5610,3617,"$20,620 ","$38,173 ","$47,646 "
Hacienda Heights,Los Angeles,55179,4937.7,"$28,614 ","$76,435 ","$81,135 "
Half Moon Bay,San Mateo,11803,1837.6,"$54,270 ","$103,239 ","$108,700 "
Hamilton Branch,Plumas,634,584.3,"$29,462 ","$60,268 ","$63,750 "
Hamilton City,Glenn,1718,5506.4,"$13,338 ","$32,774 ","$33,547 "
Hanford,Kings,54523,3244.6,"$22,307 ","$53,543 ","$59,543 "
Happy Camp,Siskiyou,1153,95.2,"$15,357 ","$25,625 ","$31,458 "
Harbison Canyon,San Diego,4577,454.6,"$29,795 ","$81,913 ","$83,098 "
Hardwick,Kings,184,1323.7,"$12,236 ","$18,250 ","$19,000 "
Hartland,Tulare,0,0,[7],[7],[7]
Hartley,Solano,2458,379.6,"$42,008 ","$97,100 ","$103,060 "
Hasley Canyon,Los Angeles,1296,225.8,"$41,556 ","$100,972 ","$96,417 "
Hat Creek,Shasta,215,4.3,"$22,517 ","$36,027 ","$48,558 "
Hawaiian Gardens,Los Angeles,14432,15223.6,"$13,557 ","$39,073 ","$38,246 "
Hawthorne,Los Angeles,85889,14124.2,"$20,445 ","$44,384 ","$47,091 "
Hayfork,Trinity,2372,32.9,"$18,810 ","$28,287 ","$46,108 "
Hayward,Alameda,149596,3293.6,"$25,770 ","$62,691 ","$69,415 "
Healdsburg,Sonoma,11466,2572.6,"$32,461 ","$58,176 ","$65,375 "
Heber,Imperial,4256,2869.9,"$11,565 ","$35,153 ","$36,097 "
Hemet,Riverside,81203,2916,"$18,284 ","$33,932 ","$41,824 "
Herald,Sacramento,1221,155,"$36,154 ","$92,045 ","$92,159 "
Hercules,Contra Costa,24596,3835.9,"$37,978 ","$100,267 ","$113,447 "
Herlong,Lassen,1702,1045.5,"$6,846 ","$50,781 ","$44,167 "
Hermosa Beach,Los Angeles,19725,13822.7,"$74,730 ","$105,029 ","$167,750 "
Hesperia,San Bernardino,91757,1255.3,"$16,584 ","$44,472 ","$50,027 "
Hickman,Stanislaus,479,445.2,"$20,190 ","$48,000 ","$57,500 "
Hidden Hills,Los Angeles,1749,1035.5,"$126,620 ","$245,694 ",[7]
Hidden Meadows,San Diego,3283,498.7,"$38,942 ","$61,234 ","$81,875 "
Hidden Valley Lake,Lake,6168,633.7,"$24,252 ","$65,706 ","$67,382 "
Highgrove,Riverside,4067,1263.4,"$16,332 ","$41,087 ","$46,071 "
Highland,San Bernardino,54032,2880.9,"$21,578 ","$53,385 ","$57,517 "
Highlands-Baywood Park,San Mateo,4298,2373.3,"$59,656 ","$135,345 ","$162,235 "
Hillsborough,San Mateo,11148,1801,"$127,868 ",[7],[7]
Hilmar-Irwin,Merced,5266,1340.6,"$27,961 ","$52,775 ","$55,500 "
Hiouchi,Del Norte,413,712.1,"$26,170 ","$46,083 ","$71,406 "
Hollister,San Benito,36067,4924.5,"$22,516 ","$66,045 ","$66,363 "
Holtville,Imperial,6067,5284.8,"$14,247 ","$29,628 ","$32,240 "
Home Garden,Kings,1787,4024.8,"$11,708 ","$32,976 ","$33,631 "
Home Gardens,Riverside,11701,7519.9,"$15,198 ","$52,704 ","$51,076 "
Homeland,Riverside,5921,1386.7,"$16,804 ","$36,516 ","$44,667 "
Homestead Valley,San Bernardino,3366,99.3,"$15,712 ","$30,527 ","$31,844 "
Homewood Canyon,Inyo,20,2,[7],[7],[7]
Honcut,Butte,145,34.2,"$24,944 ","$70,064 ",[7]
Hood,Sacramento,311,987.3,"$20,970 ","$75,556 ","$78,385 "
Hopland,Mendocino,587,166.5,"$21,892 ","$38,750 ","$67,917 "
Hornbrook,Siskiyou,275,236.1,"$14,389 ","$27,083 ","$36,406 "
Hornitos,Mariposa,56,48,[7],[7],[7]
Hughson,Stanislaus,6895,3489.4,"$21,964 ","$50,109 ","$57,042 "
Humboldt Hill,Humboldt,3704,891.9,"$23,598 ","$48,134 ","$54,657 "
Huntington Beach,Orange,195686,7265.4,"$42,680 ","$82,554 ","$97,638 "
Huntington Park,Los Angeles,58787,19511.1,"$12,088 ","$34,777 ","$35,367 "
Huron,Fresno,6777,4259.6,"$9,968 ","$28,896 ","$25,859 "
Hyampom,Trinity,255,12.6,"$20,368 ","$29,952 ","$33,672 "
Hydesville,Humboldt,1354,180.5,"$26,257 ","$56,216 ","$65,875 "
Idlewild,Tulare,32,69.7,"$32,731 ",[7],[7]
Idyllwild-Pine Cove,Riverside,2562,186.7,"$33,070 ","$60,500 ","$67,056 "
Imperial,Imperial,15782,2695,"$24,109 ","$73,683 ","$74,683 "
Imperial Beach,San Diego,26857,6454.5,"$19,896 ","$48,117 ","$54,639 "
Independence,Inyo,681,139.9,"$26,470 ","$50,625 ","$71,071 "
Indian Falls,Plumas,23,12.5,"$6,722 ",[7],[7]
Indianola,Humboldt,889,629.6,"$25,538 ","$40,769 ","$50,208 "
Indian Wells,Riverside,5089,355.3,"$81,359 ","$85,000 ","$108,000 "
Indio,Riverside,82539,2692.3,"$20,674 ","$47,922 ","$54,656 "
Indio Hills,Riverside,910,42.3,"$18,471 ","$37,386 ","$36,705 "
Industry,Los Angeles,384,32.6,"$19,617 ","$51,951 ","$51,890 "
Inglewood,Los Angeles,111133,12255.5,"$19,837 ","$42,249 ","$46,449 "
Interlaken,Santa Cruz,6954,709.2,"$22,324 ","$70,541 ","$72,222 "
Inverness,Marin,1368,213.8,"$52,826 ","$51,850 ","$91,458 "
Inyokern,Kern,665,60.9,"$35,933 ","$51,172 ","$107,411 "
Ione,Amador,7318,1592.6,"$13,793 ","$50,617 ","$77,361 "
Iron Horse,Plumas,343,44.3,"$27,161 ","$97,829 ","$97,829 "
Irvine,Orange,229850,3505.4,"$43,456 ","$91,999 ","$109,956 "
Irwindale,Los Angeles,1530,173.4,"$18,122 ","$56,625 ","$60,750 "
Isla Vista,Santa Barbara,24792,13401.1,"$8,904 ","$19,237 ","$38,810 "
Isleton,Sacramento,792,1800,"$17,200 ","$30,900 ","$32,273 "
Ivanhoe,Tulare,4044,2007.9,"$9,915 ","$32,783 ","$33,656 "
Jackson,Amador,4616,1237.5,"$24,618 ","$41,745 ","$50,150 "
Jacumba,San Diego,77,12.6,"$99,860 ",[7],[7]
Jamestown,Tuolumne,3394,1133.6,"$22,768 ","$38,488 ","$29,362 "
Jamul,San Diego,5445,328.3,"$39,791 ","$109,492 ","$113,799 "
Janesville,Lassen,1474,111.8,"$30,675 ","$73,617 ","$73,165 "
Jenner,Sonoma,109,51.7,"$45,506 ","$83,750 ","$80,250 "
Johannesburg,Kern,79,32.7,"$14,733 ","$13,906 ",[7]
Johnstonville,Lassen,1072,128.3,"$27,946 ","$67,708 ","$73,654 "
Johnsville,Plumas,35,2.5,[7],[7],[7]
Joshua Tree,San Bernardino,7564,204.2,"$22,792 ","$38,297 ","$47,226 "
Julian,San Diego,1345,171.6,"$31,063 ","$77,050 ","$75,500 "
Junction City,Trinity,920,33,"$21,224 ","$37,917 ","$55,625 "
June Lake,Mono,589,73.7,"$20,604 ","$50,595 ","$51,518 "
Jurupa Valley,Riverside,97247,2265.2,"$18,579 ","$55,898 ","$59,710 "
Keddie,Plumas,89,138,"$42,799 ","$83,594 ","$84,010 "
Keeler,Inyo,80,61.4,"$10,664 ","$13,824 ","$14,632 "
Keene,Kern,325,33.6,"$29,119 ","$65,474 ","$66,379 "
Kelly Ridge,Butte,2594,1329.6,"$25,509 ","$38,645 ","$46,338 "
Kelseyville,Lake,3516,1218.7,"$17,378 ","$37,606 ","$46,000 "
Kennedy,San Joaquin,3487,2879.4,"$10,334 ","$37,675 ","$39,550 "
Kennedy Meadows,Tulare,37,6.4,"$22,359 ","$14,408 ",[7]
Kensington,Contra Costa,5351,5650.5,"$67,369 ","$136,625 ","$156,179 "
Kentfield,Marin,6667,2204,"$109,976 ","$175,573 ","$246,771 "
Kenwood,Sonoma,1075,208.1,"$75,128 ","$86,719 ","$103,505 "
Kerman,Fresno,14110,4364.4,"$15,199 ","$45,539 ","$48,822 "
Kernville,Kern,1354,109.5,"$31,106 ","$51,731 ","$61,250 "
Keswick,Shasta,410,121.4,"$27,618 ","$60,417 ","$71,250 "
Kettleman City,Kings,1648,7810.4,"$13,434 ","$41,131 ","$40,060 "
Keyes,Stanislaus,6364,2249.6,"$13,124 ","$37,421 ","$40,714 "
King City,Monterey,13171,3425.5,"$12,770 ","$40,500 ","$41,087 "
Kings Beach,Placer,3384,984,"$20,677 ","$39,639 ","$44,306 "
Kingsburg,Fresno,11582,4101.3,"$25,921 ","$60,361 ","$70,305 "
Kingvale,NevadaPlacer,177,184,"$33,515 ","$63,295 ","$63,295 "
Kirkwood,AlpineAmador,98,22.5,"$13,118 ","$39,375 ",[7]
Klamath,Del Norte,955,76.2,"$15,828 ","$30,769 ","$38,173 "
Knightsen,Contra Costa,1644,196.7,"$29,127 ","$78,672 ","$80,500 "
Knights Landing,Yolo,1161,2317.4,"$20,478 ","$45,789 ","$42,596 "
La Ca√±ada Flintridge,Los Angeles,20477,2373.3,"$71,758 ","$151,786 ","$169,482 "
La Crescenta-Montrose,Los Angeles,20241,5908.1,"$38,256 ","$89,737 ","$109,722 "
Ladera,San Mateo,1497,3282.9,"$95,386 ","$225,391 ",[7]
Ladera Heights,Los Angeles,7362,2482.1,"$56,573 ","$100,811 ","$118,456 "
Ladera Ranch,Orange,26010,5372.9,"$50,478 ","$131,952 ","$149,125 "
Lafayette,Contra Costa,24685,1640.5,"$67,896 ","$138,073 ","$176,250 "
Laguna Beach,Orange,23114,2598.8,"$79,340 ","$97,881 ","$138,869 "
Laguna Hills,Orange,30768,4661.1,"$43,958 ","$91,460 ","$103,304 "
Laguna Niguel,Orange,64299,4361.9,"$51,750 ","$98,957 ","$126,029 "
Laguna Woods,Orange,16302,4873.5,"$37,419 ","$36,708 ","$54,357 "
Lagunitas-Forest Knolls,Marin,2007,472.6,"$38,092 ","$79,148 ","$100,335 "
La Habra,Orange,61341,8341.2,"$25,646 ","$61,364 ","$68,954 "
La Habra Heights,Los Angeles,5398,876.4,"$51,293 ","$111,250 ","$113,833 "
La Honda,San Mateo,741,174.2,"$48,114 ","$104,479 ","$162,552 "
Lake Almanor Country Club,Plumas,530,193.2,"$67,541 ","$74,286 ","$89,000 "
Lake Almanor Peninsula,Plumas,470,154.8,"$38,839 ","$59,583 ","$77,000 "
Lake Almanor West,Plumas,263,115,"$75,154 ","$113,819 ","$113,472 "
Lake Arrowhead,San Bernardino,11255,634.9,"$29,997 ","$64,461 ","$73,135 "
Lake California,Tehama,2851,452.9,"$26,009 ","$52,165 ","$47,414 "
Lake City,Modoc,35,6,"$18,940 ","$37,750 ",[7]
Lake Davis,Plumas,45,8.3,"$16,027 ",[7],[7]
Lake Don Pedro,Mariposa,995,79.2,"$37,353 ","$71,970 ","$86,750 "
Lake Elsinore,Riverside,56243,1466.6,"$21,016 ","$63,303 ","$65,855 "
Lake Forest,Orange,78940,4745.1,"$38,760 ","$92,781 ","$109,426 "
Lakehead,Shasta,493,105,"$19,697 ","$31,136 ","$40,500 "
Lake Hughes,Los Angeles,469,44.1,"$16,426 ","$21,932 ","$43,000 "
Lake Isabella,Kern,3093,142.4,"$17,300 ","$22,726 ","$37,232 "
Lakeland Village,Riverside,11343,1307.4,"$18,725 ","$41,289 ","$45,028 "
Lake Los Angeles,Los Angeles,11948,1226.6,"$15,918 ","$40,227 ","$42,426 "
Lake Mathews,Riverside,5518,346.5,"$27,927 ","$69,011 ","$71,463 "
Lake Nacimiento,San Luis Obispo,2497,241.3,"$36,293 ","$68,516 ","$80,357 "
Lake of the Pines,Nevada,3563,2383.3,"$38,479 ","$75,403 ","$84,271 "
Lake of the Woods,Kern,539,153,"$24,728 ","$33,750 ","$34,219 "
Lakeport,Lake,4746,1552,"$25,590 ","$36,361 ","$46,941 "
Lake Riverside,Riverside,858,119.4,"$20,839 ","$61,484 ","$70,156 "
Lake San Marcos,San Diego,4679,2718.8,"$30,845 ","$43,125 ","$67,927 "
Lake Sherwood,Ventura,1526,482.8,"$120,676 ","$230,000 ",[7]
Lakeside,San Diego,21079,3054.9,"$26,236 ","$62,037 ","$74,608 "
Lakeview,Riverside,1723,528.5,"$16,372 ","$47,383 ","$54,426 "
Lake Wildwood,Nevada,5293,1732,"$35,366 ","$65,427 ","$77,969 "
Lakewood,Los Angeles,80926,8591.8,"$29,981 ","$79,113 ","$88,660 "
La Mesa,San Diego,58239,6414.7,"$30,728 ","$54,630 ","$69,955 "
La Mirada,Los Angeles,49038,6269.2,"$29,467 ","$81,178 ","$90,696 "
Lamont,Kern,16359,3564.1,"$10,475 ","$33,433 ","$31,278 "
Lanare,Fresno,398,197.2,"$10,910 ","$47,875 ","$47,875 "
Lancaster,Los Angeles,159092,1687.1,"$19,703 ","$49,057 ","$54,993 "
La Palma,Orange,15791,8856.4,"$33,524 ","$84,026 ","$90,080 "
La Porte,Plumas,12,2.7,[7],[7],[7]
La Presa,San Diego,34739,6319.6,"$22,135 ","$60,817 ","$66,449 "
La Puente,Los Angeles,40342,11595.9,"$15,509 ","$54,660 ","$55,150 "
La Quinta,Riverside,38774,1103.6,"$39,021 ","$71,074 ","$80,473 "
La Riviera,Sacramento,11529,6231.9,"$27,789 ","$58,694 ","$62,952 "
Larkfield-Wikiup,Sonoma,8831,1663.7,"$37,027 ","$75,230 ","$83,295 "
Larkspur,Marin,12131,4007.6,"$65,707 ","$82,568 ","$115,363 "
La Selva Beach,Santa Cruz,2932,553.5,"$51,592 ","$108,611 ","$105,833 "
Las Flores,Orange,6311,2842.8,"$49,984 ","$121,696 ","$140,000 "
Las Flores,Tehama,154,430.2,"$11,416 ","$27,763 ","$43,958 "
Las Lomas,Monterey,3409,3287.4,"$13,409 ","$68,194 ","$68,352 "
Lathrop,San Joaquin,19163,873.8,"$18,488 ","$63,087 ","$64,136 "
Laton,Fresno,1144,590.6,"$19,300 ","$29,865 ","$29,625 "
La Verne,Los Angeles,31592,3747.6,"$34,778 ","$75,662 ","$95,045 "
La Vina,Madera,436,4316.8,"$8,407 ","$31,900 ","$31,900 "
Lawndale,Los Angeles,33155,16795.8,"$18,145 ","$48,376 ","$50,507 "
Laytonville,Mendocino,1227,228.6,"$15,235 ","$31,190 ","$36,458 "
Lebec,Kern,1333,87,"$17,666 ","$56,324 ","$55,294 "
Lee Vining,Mono,234,44.8,"$9,196 ",[7],[7]
Leggett,Mendocino,54,20,"$18,922 ","$43,571 ",[7]
Le Grand,Merced,1823,1599.1,"$13,865 ","$38,625 ","$38,571 "
Lemon Cove,Tulare,214,256.6,"$17,693 ","$34,875 ","$39,444 "
Lemon Grove,San Diego,25963,6693.2,"$21,915 ","$52,339 ","$57,052 "
Lemon Hill,Sacramento,12767,7847,"$12,076 ","$27,101 ","$27,729 "
Lemoore,Kings,24788,2910.4,"$23,836 ","$52,701 ","$56,775 "
Lemoore Station,Kings,6913,1643.6,"$19,113 ","$44,632 ","$44,412 "
Lennox,Los Angeles,22039,20163.8,"$12,057 ","$36,573 ","$36,126 "
Lenwood,San Bernardino,3153,1424.1,"$16,243 ","$42,727 ","$57,232 "
Leona Valley,Los Angeles,1697,91.3,"$37,427 ","$77,582 ","$79,891 "
Lewiston,Trinity,1480,74,"$24,563 ","$33,929 ","$43,750 "
Lexington Hills,Santa Clara,2367,501.7,"$57,392 ","$125,893 ","$147,188 "
Likely,Modoc,31,23.3,[7],[7],[7]
Lincoln,Placer,44397,2209.6,"$32,182 ","$70,870 ","$79,017 "
Lincoln Village,San Joaquin,3996,5429.3,"$23,073 ","$55,125 ","$60,521 "
Linda,Yuba,18634,2169.5,"$14,131 ","$36,063 ","$37,872 "
Lindcove,Tulare,520,762.5,"$15,402 ","$45,625 ","$43,750 "
Linden,San Joaquin,1948,262.9,"$38,334 ","$87,585 ","$83,125 "
Lindsay,Tulare,12688,4861.3,"$10,678 ","$30,198 ","$30,466 "
Linnell Camp,Tulare,561,4794.9,"$6,902 ","$20,556 ","$21,278 "
Litchfield,Lassen,129,32.7,"$31,985 ","$49,688 ","$43,068 "
Little Grass Valley,Plumas,0,0,[7],[7],[7]
Little River,Mendocino,38,22.7,"$24,705 ",[7],[7]
Littlerock,Los Angeles,2040,1106.9,"$10,711 ","$39,745 ","$39,676 "
Live Oak,Santa Cruz,17494,5394.4,"$31,432 ","$64,957 ","$82,611 "
Live Oak,Sutter,8500,2723.5,"$16,936 ","$42,349 ","$46,758 "
Livermore,Alameda,83901,3122.9,"$42,594 ","$99,683 ","$111,950 "
Livingston,Merced,13461,3660.9,"$13,604 ","$50,674 ","$51,912 "
Lockeford,San Joaquin,3172,380.3,"$25,079 ","$45,698 ","$47,639 "
Lockwood,Monterey,389,35.8,"$36,450 ","$94,615 ","$75,089 "
Lodi,San Joaquin,63158,4619.9,"$23,648 ","$48,662 ","$54,740 "
Lodoga,Colusa,147,43.4,"$31,301 ","$50,000 ","$68,333 "
Loleta,Humboldt,661,311.2,"$22,226 ","$41,094 ","$53,750 "
Loma Linda,San Bernardino,23648,3146.4,"$31,239 ","$58,259 ","$68,223 "
Loma Mar,San Mateo,211,121.6,"$32,991 ","$93,810 ","$117,813 "
Loma Rica,Yuba,2537,137.2,"$27,252 ","$64,615 ","$68,984 "
Lomita,Los Angeles,20539,10747.8,"$28,593 ","$57,245 ","$66,541 "
Lompico,Santa Cruz,900,266.7,"$56,476 ","$72,215 ","$98,500 "
Lompoc,Santa Barbara,43045,3712.7,"$20,151 ","$47,908 ","$51,195 "
London,Tulare,2080,3306.8,"$8,026 ","$24,816 ","$25,577 "
Lone Pine,Inyo,2017,106,"$21,830 ","$31,838 ","$39,167 "
Long Barn,Tuolumne,291,101.1,"$20,712 ","$24,388 ",[7]
Long Beach,Los Angeles,468594,9315.8,"$27,014 ","$52,944 ","$59,710 "
Lookout,Modoc,67,12.6,"$17,072 ","$36,635 ",[7]
Loomis,Placer,6589,906.8,"$33,354 ","$82,813 ","$95,217 "
Los Alamitos,Orange,11598,2883.6,"$36,367 ","$82,258 ","$89,271 "
Los Alamos,Santa Barbara,1166,301.4,"$36,571 ","$62,429 ","$60,625 "
Los Altos,Santa Clara,29762,4597.2,"$84,705 ","$157,500 ","$190,938 "
Los Altos Hills,Santa Clara,8244,923.8,"$123,127 ","$224,271 ",[7]
Los Angeles,Los Angeles,3862210,8240.8,"$28,320 ","$49,682 ","$54,171 "
Los Banos,Merced,36626,3665.2,"$17,160 ","$45,665 ","$46,748 "
Los Berros,San Luis Obispo,908,361.5,"$19,596 ","$60,958 ","$61,979 "
Los Gatos,Santa Clara,30163,2701.3,"$72,050 ","$122,860 ","$157,796 "
Los Molinos,Tehama,2184,995.4,"$18,205 ","$36,466 ","$42,990 "
Los Olivos,Santa Barbara,913,371.3,"$58,133 ","$89,667 ","$129,875 "
Los Osos,San Luis Obispo,14778,1157.9,"$34,229 ","$56,860 ","$72,625 "
Los Ranchos,San Luis Obispo,1676,592.4,"$47,842 ","$96,705 ","$111,296 "
Lost Hills,Kern,2194,395.2,"$8,418 ","$31,875 ","$30,125 "
Lower Lake,Lake,1620,607.4,"$17,614 ","$31,781 ","$54,028 "
Loyalton,Sierra,874,2462,"$21,614 ","$43,000 ","$46,375 "
Loyola,Santa Clara,3463,2399.9,"$98,398 ","$210,882 ","$238,177 "
Lucas Valley-Marinwood,Marin,6168,1077,"$59,579 ","$129,389 ","$145,491 "
Lucerne,Lake,3318,666.5,"$11,901 ","$20,784 ","$35,571 "
Lucerne Valley,San Bernardino,5767,54.6,"$17,984 ","$34,024 ","$46,383 "
Lynwood,Los Angeles,70789,14625.8,"$12,580 ","$41,930 ","$41,332 "
Lytle Creek,San Bernardino,1127,187.3,"$26,927 ","$71,000 ","$81,048 "
Mabie,Plumas,52,14.3,"$42,662 ",[7],[7]
McArthur,Shasta,308,307.7,"$30,152 ","$42,935 ","$44,348 "
McClellan Park,Sacramento,1103,272.9,"$13,962 ","$23,977 ","$24,115 "
McClenney Tract,Tulare,6,9.7,"$7,150 ",[7],[7]
McCloud,Siskiyou,1111,458.7,"$19,429 ","$31,071 ","$50,888 "
Macdoel,Siskiyou,111,750,"$14,183 ","$28,500 ",[7]
McFarland,Kern,12784,4791.6,"$9,518 ","$34,750 ","$33,549 "
McGee Creek,Mono,125,31.2,"$93,233 ","$91,860 ",[7]
McKinleyville,Humboldt,16448,790.9,"$25,701 ","$50,298 ","$60,833 "
McKittrick,Kern,112,42.8,"$20,728 ","$43,000 ","$43,500 "
McSwain,Merced,4531,750.4,"$35,273 ","$98,519 ","$106,736 "
Madera,Madera,62559,3962.2,"$14,460 ","$42,027 ","$43,600 "
Madera Acres,Madera,9653,1326,"$18,180 ","$60,529 ","$61,056 "
Madison,Yolo,526,340.2,"$17,946 ","$51,875 ","$53,393 "
Mad River,Trinity,398,11.5,"$19,148 ","$34,907 ","$46,875 "
Magalia,Butte,11467,818.2,"$20,818 ","$39,514 ","$43,457 "
Malaga,Fresno,935,3412.4,"$10,696 ","$38,350 ","$39,800 "
Malibu,Los Angeles,12830,648.3,"$95,212 ","$130,432 ","$169,241 "
Mammoth Lakes,Mono,8154,327.9,"$27,170 ","$60,984 ","$68,750 "
Manchester,Mendocino,193,73.7,"$16,462 ","$29,118 ","$26,691 "
Manhattan Beach,Los Angeles,35534,9025.7,"$81,787 ","$142,071 ","$177,532 "
Manila,Humboldt,673,1029.1,"$22,212 ","$32,997 ","$51,094 "
Manteca,San Joaquin,70693,3440.6,"$23,806 ","$62,032 ","$67,043 "
Manton,Tehama,341,19.3,"$23,833 ","$31,250 ","$34,750 "
March ARB,Riverside,1129,94.5,"$41,980 ","$68,261 ","$104,013 "
Maricopa,Kern,1158,771,"$17,853 ","$33,750 ","$43,646 "
Marina,Monterey,20198,2273.8,"$24,773 ","$53,828 ","$63,477 "
Marina del Rey,Los Angeles,9157,10647.7,"$71,023 ","$101,860 ","$105,762 "
Marin City,Marin,2958,5508.4,"$25,543 ","$39,872 ","$41,917 "
Mariposa,Mariposa,1524,501.8,"$18,842 ","$34,881 ","$41,422 "
Markleeville,Alpine,268,41,"$33,723 ","$70,511 ","$71,591 "
Martell,Amador,94,40.2,"$28,057 ","$13,508 ",[7]
Martinez,Contra Costa,36876,2919.5,"$39,701 ","$85,736 ","$100,577 "
Marysville,Yuba,12144,3505.8,"$18,146 ","$34,942 ","$45,274 "
Matheny,Tulare,1098,2565.4,"$14,644 ","$31,208 ","$31,250 "
Mather,Sacramento,4806,479.4,"$30,130 ","$86,705 ","$88,452 "
Maxwell,Colusa,1076,500.5,"$19,794 ","$44,625 ","$55,833 "
Mayfair,Fresno,4512,8710.4,"$14,620 ","$40,625 ","$47,278 "
Mayflower Village,Los Angeles,5779,8411.9,"$30,295 ","$72,034 ","$83,885 "
Maywood,Los Angeles,27703,23517,"$11,656 ","$36,492 ","$37,342 "
Meadowbrook,Riverside,3447,502.5,"$13,817 ","$34,815 ","$36,964 "
Meadow Valley,Plumas,435,51.1,"$33,823 ","$51,944 ","$85,500 "
Meadow Vista,Placer,3072,581.7,"$37,474 ","$71,007 ","$87,026 "
Mead Valley,Riverside,19851,1034.1,"$14,010 ","$41,962 ","$44,475 "
Mecca,Riverside,8912,1280.6,"$8,504 ","$26,473 ","$27,265 "
Meiners Oaks,Ventura,3634,2581,"$29,168 ","$70,430 ","$81,154 "
Mendocino,Mendocino,826,366,"$42,196 ","$51,917 ","$104,732 "
Mendota,Fresno,11360,3446.6,"$8,642 ","$25,229 ","$26,250 "
Menifee,Riverside,81658,1757.1,"$23,165 ","$56,671 ","$64,431 "
Menlo Park,San Mateo,32792,3354.7,"$69,802 ","$115,650 ","$156,439 "
Mentone,San Bernardino,9388,1524,"$23,376 ","$55,682 ","$62,476 "
Merced,Merced,80490,3465.5,"$17,623 ","$38,917 ","$43,809 "
Meridian,Sutter,438,82.7,"$28,966 ","$50,000 ","$82,692 "
Mesa,Inyo,442,126.2,"$37,789 ","$82,266 ","$97,500 "
Mesa Verde,Riverside,1004,231.2,"$13,468 ","$37,891 ","$34,583 "
Mesa Vista,Alpine,212,43.5,"$25,200 ","$61,364 ","$79,063 "
Mettler,Kern,88,377.7,"$15,591 ","$42,917 ","$51,250 "
Mexican Colony,Kern,216,6750,"$7,247 ","$17,375 ","$15,500 "
Middletown,Lake,1073,581.9,"$29,725 ","$48,965 ","$100,625 "
Midpines,Mariposa,689,28.1,"$36,067 ","$41,063 ","$40,469 "
Midway City,Orange,9104,15023.1,"$18,658 ","$45,581 ","$51,882 "
Milford,Lassen,116,21.9,"$42,773 ","$64,961 ","$64,961 "
Millbrae,San Mateo,22177,6823.7,"$43,518 ","$91,846 ","$106,051 "
Mill Valley,Marin,14178,2976.7,"$87,627 ","$132,192 ","$167,061 "
Millville,Shasta,861,107,"$26,947 ","$59,375 ","$66,818 "
Milpitas,Santa Clara,69346,5106.1,"$34,237 ","$99,072 ","$102,005 "
Mineral,Tehama,222,5,"$32,623 ","$52,500 ","$70,000 "
Minkler,Fresno,1066,181.8,"$36,435 ","$81,339 ","$128,482 "
Mira Monte,Ventura,7306,1598.7,"$39,022 ","$70,905 ","$96,250 "
Miranda,Humboldt,536,358.8,"$30,378 ","$50,144 ","$36,250 "
Mission Canyon,Santa Barbara,2531,1668.4,"$56,986 ","$112,717 ","$128,438 "
Mission Hills,Santa Barbara,3415,2778.7,"$36,137 ","$81,250 ","$84,119 "
Mission Viejo,Orange,95246,5403.4,"$41,513 ","$98,157 ","$110,723 "
Mi-Wuk Village,Tuolumne,1069,384.8,"$26,306 ","$49,458 ","$63,036 "
Modesto,Stanislaus,205984,4619.8,"$23,034 ","$47,607 ","$55,289 "
Mohawk Vista,Plumas,109,9.1,"$75,039 ","$58,500 ",[7]
Mojave,Kern,4172,71.6,"$15,847 ","$34,500 ","$40,484 "
Mokelumne Hill,Calaveras,635,206.2,"$39,304 ","$62,396 ","$80,250 "
Monmouth,Fresno,184,597.4,"$15,705 ","$34,500 ","$44,861 "
Mono City,Mono,67,12.4,"$11,106 ","$31,500 ",[7]
Mono Vista,Tuolumne,1979,697.8,"$24,568 ","$46,250 ","$49,412 "
Monrovia,Los Angeles,37035,2722.2,"$34,668 ","$72,034 ","$86,034 "
Monson,Tulare,191,388.2,"$14,281 ","$41,667 ","$83,083 "
Montague,Siskiyou,1504,845.9,"$20,433 ","$42,500 ","$54,545 "
Montalvin Manor,Contra Costa,3055,9487.6,"$22,652 ","$64,778 ","$73,864 "
Montara,San Mateo,2880,742.7,"$49,203 ","$147,568 ","$148,273 "
Montclair,San Bernardino,37685,6830.7,"$17,881 ","$48,767 ","$51,184 "
Montebello,Los Angeles,63353,7602.7,"$20,972 ","$47,562 ","$55,720 "
Montecito,Santa Barbara,9444,1010.5,"$83,226 ","$130,129 ","$160,417 "
Monterey,Monterey,28053,3227.5,"$36,812 ","$64,772 ","$80,615 "
Monterey Park,Los Angeles,60966,7950.7,"$24,637 ","$54,821 ","$60,209 "
Monterey Park Tract,Stanislaus,273,5808.5,"$13,645 ","$90,134 ",[7]
Monte Rio,Sonoma,1031,541.5,"$27,032 ","$33,681 ","$63,854 "
Monte Sereno,Santa Clara,3462,2117.4,"$105,597 ","$187,115 ","$238,606 "
Montgomery Creek,Shasta,123,37.8,"$27,628 ","$62,708 ","$62,917 "
Monument Hills,Yolo,1469,364.7,"$47,489 ","$112,344 ","$112,422 "
Moorpark,Ventura,35033,2785,"$37,016 ","$99,353 ","$108,628 "
Morada,San Joaquin,4573,1534,"$35,079 ","$61,270 ","$71,534 "
Moraga,Contra Costa,16549,1748.4,"$60,576 ","$132,651 ","$163,951 "
Moreno Valley,Riverside,198872,3878.5,"$17,874 ","$54,229 ","$55,265 "
Morgan Hill,Santa Clara,39875,3127.7,"$40,972 ","$96,232 ","$108,037 "
Morongo Valley,San Bernardino,3605,142.9,"$21,607 ","$32,295 ","$44,787 "
Morro Bay,San Luis Obispo,10383,1957.9,"$32,613 ","$50,914 ","$66,378 "
Moskowite Corner,Napa,172,61.2,"$20,858 ","$49,286 ","$53,750 "
Moss Beach,San Mateo,3435,1530.7,"$42,240 ","$81,622 ","$107,083 "
Moss Landing,Monterey,200,502.5,"$17,855 ","$30,500 ","$37,857 "
Mountain Center,Riverside,75,39.8,"$10,727 ",[7],[7]
Mountain Gate,Shasta,1153,582.6,"$18,037 ","$33,906 ","$53,750 "
Mountain House,San Joaquin,12088,3785.8,"$29,092 ","$106,119 ","$108,750 "
Mountain Mesa,Kern,454,546.3,"$18,583 ","$38,250 ","$39,313 "
Mountain Ranch,Calaveras,1369,33.2,"$27,714 ","$38,630 ","$57,243 "
Mountain View,Contra Costa,2299,7927.6,"$27,903 ","$43,077 ","$38,400 "
Mountain View,Santa Clara,76741,6398.8,"$56,156 ","$100,028 ","$119,081 "
Mountain View Acres,San Bernardino,3502,2229.2,"$18,119 ","$55,673 ","$56,521 "
Mount Hebron,Siskiyou,88,123.4,"$9,728 ","$25,368 ","$26,397 "
Mount Hermon,Santa Cruz,1027,1575.2,"$31,268 ","$48,549 ","$65,893 "
Mount Laguna,San Diego,12,7.1,[7],[7],[7]
Mount Shasta,Siskiyou,3331,884.5,"$31,179 ","$43,969 ","$66,667 "
Muir Beach,Marin,292,592.3,"$86,269 ","$161,458 ","$178,333 "
Murphys,Calaveras,1884,182.5,"$35,424 ","$46,885 ","$62,330 "
Murrieta,Riverside,106326,3166.3,"$28,719 ","$74,401 ","$79,996 "
Muscoy,San Bernardino,11674,3714.3,"$9,951 ","$35,660 ","$37,012 "
Myers Flat,Humboldt,57,131.9,[7],[7],[7]
Myrtletown,Humboldt,5225,2489.3,"$28,725 ","$61,534 ","$73,558 "
Napa,Napa,78511,4397.1,"$31,185 ","$64,058 ","$74,981 "
National City,San Diego,59543,8180.1,"$17,143 ","$39,517 ","$42,531 "
Needles,San Bernardino,4923,159.7,"$19,001 ","$33,045 ","$42,031 "
Nevada City,Nevada,3051,1394.4,"$35,087 ","$51,685 ","$51,997 "
Newark,Alameda,43635,3144.9,"$31,825 ","$86,521 ","$91,103 "
Newcastle,Placer,1409,589,"$26,616 ","$45,865 ","$71,912 "
New Cuyama,Santa Barbara,591,837.1,"$14,149 ","$34,000 ","$45,625 "
Newell,Modoc,429,178.2,"$6,580 ","$23,182 ","$23,466 "
Newman,Stanislaus,10553,5239.8,"$16,012 ","$43,722 ","$46,780 "
New Pine Creek,Modoc,84,36.8,"$35,398 ","$31,023 ",[7]
Newport Beach,Orange,86594,3641.8,"$78,012 ","$107,991 ","$153,709 "
Nicasio,Marin,95,72.8,"$39,938 ","$96,500 ","$96,000 "
Nice,Lake,2156,1247.7,"$20,164 ","$24,149 ","$36,325 "
Nicolaus,Sutter,205,65.3,"$50,181 ","$85,625 ","$100,417 "
Niland,Imperial,1063,2644.3,"$15,828 ","$17,461 ","$27,854 "
Nipinnawasee,Madera,729,236.3,"$23,511 ","$66,397 ","$66,544 "
Nipomo,San Luis Obispo,17115,1152.3,"$27,705 ","$57,185 ","$68,900 "
Norco,Riverside,27143,1970.2,"$27,702 ","$85,142 ","$96,631 "
Nord,Butte,239,113.5,"$18,961 ","$31,923 ","$76,250 "
Norris Canyon,Contra Costa,1227,346.8,"$59,374 ","$196,726 ","$205,625 "
North Auburn,Placer,14011,1793.8,"$25,077 ","$48,052 ","$60,637 "
North Edwards,Kern,966,75.8,"$21,833 ","$45,658 ","$53,241 "
North El Monte,Los Angeles,3924,9276.6,"$28,164 ","$69,960 ","$75,426 "
North Fair Oaks,San Mateo,15181,12650.8,"$26,426 ","$63,343 ","$53,176 "
North Gate,Contra Costa,417,633.7,"$52,891 ","$96,333 ","$96,250 "
North Highlands,Sacramento,44899,5087.7,"$17,401 ","$40,986 ","$43,243 "
North Lakeport,Lake,2676,696,"$28,998 ","$52,577 ","$60,625 "
North Richmond,Contra Costa,3926,2788.4,"$16,194 ","$35,288 ","$45,703 "
North San Juan,Nevada,281,116,"$14,102 ","$27,417 ","$28,250 "
North Shore,Riverside,3184,284.9,"$9,434 ","$24,853 ","$30,147 "
North Tustin,Orange,25724,3891.1,"$59,863 ","$123,270 ","$140,609 "
Norwalk,Los Angeles,106455,10964.6,"$19,584 ","$60,523 ","$63,688 "
Novato,Marin,53451,1947.7,"$44,724 ","$76,609 ","$97,081 "
Nubieber,Lassen,15,20,"$19,160 ",[7],[7]
Nuevo,Riverside,7345,1084.8,"$19,329 ","$59,464 ","$64,185 "
Oakdale,Stanislaus,21260,3517,"$24,832 ","$53,785 ","$60,861 "
Oak Glen,San Bernardino,694,46.7,"$24,589 ","$66,923 ","$73,750 "
Oak Hills,San Bernardino,10308,422.6,"$26,761 ","$74,257 ","$82,961 "
Oakhurst,Madera,2482,413.9,"$21,563 ","$39,709 ","$46,484 "
Oakland,Alameda,402339,7198.4,"$32,566 ","$52,962 ","$60,472 "
Oakley,Contra Costa,37391,2355.6,"$27,993 ","$78,597 ","$83,803 "
Oak Park,Ventura,14512,2742.8,"$57,470 ","$117,326 ","$134,178 "
Oak Shores,San Luis Obispo,147,29,"$61,129 ","$81,964 ","$86,364 "
Oak View,Ventura,4347,2215.6,"$32,723 ","$72,137 ","$79,375 "
Oakville,Napa,59,43.4,"$9,415 ",[7],[7]
Oasis,Riverside,5807,295.8,"$7,512 ","$24,293 ","$24,148 "
Occidental,Sonoma,1155,232.6,"$54,705 ","$70,172 ","$86,083 "
Oceano,San Luis Obispo,7355,4800.9,"$20,725 ","$48,629 ","$46,545 "
Oceanside,San Diego,171400,4155,"$27,009 ","$58,385 ","$68,203 "
Ocotillo,Imperial,221,25,"$6,672 ","$21,397 ",[7]
Oildale,Kern,33879,5185.8,"$17,773 ","$33,818 ","$35,843 "
Ojai,Ventura,7558,1738.3,"$35,231 ","$60,714 ","$90,000 "
Olancha,Inyo,287,36.6,"$26,673 ","$41,974 ","$94,583 "
Old Fig Garden,Fresno,5186,3139.2,"$41,348 ","$63,358 ","$78,060 "
Old Station,Shasta,52,23.4,"$15,327 ",[7],[7]
Olivehurst,Yuba,13928,1867,"$15,357 ","$43,044 ","$44,394 "
Ontario,San Bernardino,166892,3342.3,"$18,601 ","$54,156 ","$56,017 "
Onyx,Kern,599,52.3,"$16,946 ","$27,991 ","$29,330 "
Orange,Orange,138980,5480.7,"$31,330 ","$77,086 ","$85,123 "
Orange Cove,Fresno,9473,5286.3,"$9,734 ","$27,450 ","$27,868 "
Orangevale,Sacramento,34449,2991.4,"$31,241 ","$65,288 ","$80,068 "
Orcutt,Santa Barbara,30266,2720.5,"$32,246 ","$71,830 ","$81,016 "
Orick,Humboldt,281,59.2,"$34,279 ","$32,656 ","$49,583 "
Orinda,Contra Costa,18390,1430.8,"$84,985 ","$166,866 ","$213,021 "
Orland,Glenn,7451,2557,"$16,179 ","$38,425 ","$45,858 "
Orosi,Tulare,8620,3524.1,"$10,342 ","$34,464 ","$33,819 "
Oroville,Butte,16015,1209.9,"$18,777 ","$36,581 ","$42,551 "
Oroville East,Butte,8782,400.4,"$24,851 ","$52,944 ","$67,920 "
Oxnard,Ventura,201744,7499.5,"$20,651 ","$62,349 ","$62,165 "
Pacheco,Contra Costa,4295,5796.2,"$30,011 ","$48,024 ","$53,083 "
Pacifica,San Mateo,38283,3023.5,"$44,886 ","$96,875 ","$113,750 "
Pacific Grove,Monterey,15365,5376.1,"$46,690 ","$70,230 ","$93,302 "
Pajaro,Monterey,2957,3189.9,"$8,779 ","$29,179 ","$29,643 "
Pajaro Dunes,Santa Cruz,269,105,"$59,635 ","$67,250 ","$67,000 "
Palermo,Butte,5419,185.8,"$21,349 ","$42,371 ","$55,612 "
Palmdale,Los Angeles,155810,1470.4,"$19,438 ","$54,921 ","$56,351 "
Palm Desert,Riverside,49953,1863.3,"$39,275 ","$52,053 ","$68,893 "
Palm Springs,Riverside,45827,487.3,"$36,126 ","$45,497 ","$55,320 "
Palo Alto,Santa Clara,65998,2764.5,"$75,257 ","$126,771 ","$167,440 "
Palo Cedro,Shasta,1626,442,"$35,654 ","$81,000 ","$84,643 "
Palos Verdes Estates,Los Angeles,13568,2842.1,"$87,408 ","$171,328 ","$203,241 "
Palo Verde,Imperial,17,28.8,[7],[7],[7]
Panorama Heights,Tulare,38,80,"$22,153 ","$22,500 ","$41,250 "
Paradise,Butte,26246,1432.8,"$24,573 ","$41,482 ","$56,119 "
Paradise,Mono,235,54,"$35,874 ","$48,864 ","$80,000 "
Paradise Park,Santa Cruz,542,1942.7,"$39,762 ","$62,125 ","$66,875 "
Paramount,Los Angeles,54813,11588.4,"$14,168 ","$43,784 ","$43,997 "
Parklawn,Stanislaus,1191,7174.7,"$13,110 ","$42,105 ","$43,606 "
Parksdale,Madera,3114,1719.5,"$8,111 ","$30,069 ","$29,604 "
Parkway,Sacramento,14756,6102.6,"$15,622 ","$33,959 ","$34,570 "
Parkwood,Madera,2879,4124.6,"$10,280 ","$31,908 ","$27,438 "
Parlier,Fresno,14750,6452.3,"$11,039 ","$31,832 ","$30,729 "
Pasadena,Los Angeles,139065,6050.8,"$41,268 ","$70,845 ","$88,600 "
Pasatiempo,Santa Cruz,1016,1149.3,"$98,473 ","$175,536 ","$183,457 "
Paskenta,Tehama,52,48.1,"$15,448 ","$36,250 ","$42,750 "
Patterson,Stanislaus,20736,3482.7,"$18,774 ","$54,422 ","$58,184 "
Patterson Tract,Tulare,2041,1411.5,"$15,433 ","$37,688 ","$39,500 "
Patton Village,Lassen,592,178.2,"$26,548 ","$46,477 ","$47,386 "
Paxton,Plumas,0,0,[7],[7],[7]
Paynes Creek,Tehama,41,12,"$28,341 ","$44,375 ","$93,125 "
Pearsonville,Inyo,23,5.6,"$26,096 ",[7],[7]
Penngrove,Sonoma,2928,727.6,"$49,672 ","$73,430 ","$104,271 "
Penn Valley,Nevada,1599,753.9,"$20,243 ","$43,750 ","$58,553 "
Penryn,Placer,946,518.4,"$37,080 ","$80,213 ","$78,315 "
Perris,Riverside,71377,2273.6,"$13,516 ","$48,591 ","$48,265 "
Pescadero,San Mateo,1046,259.8,"$24,750 ","$61,161 ","$57,656 "
Petaluma,Sonoma,58912,4096.2,"$35,239 ","$80,590 ","$89,400 "
Peters,San Joaquin,523,207,"$56,941 ","$116,616 ","$117,195 "
Phelan,San Bernardino,12947,215.4,"$22,355 ","$53,093 ","$59,804 "
Phillipsville,Humboldt,77,107.7,"$27,396 ","$23,860 ",[7]
Philo,Mendocino,317,155.6,"$11,234 ","$16,667 ","$29,333 "
Phoenix Lake,Tuolumne,4712,427.9,"$34,735 ","$75,434 ","$92,652 "
Pico Rivera,Los Angeles,63698,7678.2,"$18,643 ","$56,576 ","$62,987 "
Piedmont,Alameda,10957,6445.3,"$101,794 ","$212,222 ","$247,171 "
Pierpoint,Tulare,23,56.4,[7],[7],[7]
Pike,Sierra,126,29.2,"$23,885 ","$35,714 ","$35,000 "
Pine Canyon,Monterey,2243,672.4,"$26,633 ","$46,683 ","$47,043 "
Pine Flat,Tulare,130,111.9,"$26,923 ","$30,625 ","$62,143 "
Pine Grove,Amador,1865,267.7,"$30,314 ","$48,571 ","$64,375 "
Pine Hills,Humboldt,3160,312.3,"$32,080 ","$52,438 ","$56,406 "
Pine Mountain Club,Kern,1890,112.1,"$34,312 ","$45,911 ","$57,872 "
Pine Mountain Lake,Tuolumne,2422,127.7,"$31,321 ","$51,604 ","$59,848 "
Pine Valley,San Diego,1554,217.3,"$35,479 ","$100,085 ","$100,557 "
Pinole,Contra Costa,18754,3641.6,"$34,219 ","$74,379 ","$82,679 "
Pi√±on Hills,San Bernardino,6654,207.2,"$25,501 ","$42,210 ","$57,723 "
Pioneer,Amador,1237,287.3,"$35,596 ","$42,614 ","$75,104 "
Piru,Ventura,2078,736.9,"$17,001 ","$46,601 ","$47,281 "
Pismo Beach,San Luis Obispo,7789,2164.2,"$37,657 ","$67,500 ","$88,041 "
Pittsburg,Contra Costa,65761,3826,"$23,330 ","$60,376 ","$64,521 "
Pixley,Tulare,3769,1210.3,"$9,889 ","$28,179 ","$29,702 "
Placentia,Orange,51860,7840.9,"$30,218 ","$79,275 ","$87,403 "
Placerville,El Dorado,10415,1792,"$24,801 ","$46,199 ","$59,158 "
Plainview,Tulare,858,2776.7,"$6,873 ","$25,938 ","$26,042 "
Planada,Merced,4465,2831.3,"$13,072 ","$35,690 ","$36,056 "
Pleasant Hill,Contra Costa,33842,4782.6,"$43,580 ","$81,556 ","$108,900 "
Pleasanton,Alameda,73164,2995.2,"$50,972 ","$123,608 ","$140,311 "
Pleasure Point,Santa Cruz,6004,7973.4,"$38,471 ","$57,462 ","$60,078 "
Plumas Eureka,Plumas,265,66.7,"$56,948 ","$63,611 ","$63,472 "
Plumas Lake,Yuba,6380,760.9,"$24,080 ","$78,333 ","$75,400 "
Plymouth,Amador,1185,1272.8,"$20,681 ","$44,531 ","$56,042 "
Point Arena,Mendocino,405,300,"$18,534 ","$30,000 ","$47,500 "
Point Reyes Station,Marin,848,234.5,"$39,984 ","$36,597 ","$88,098 "
Pollock Pines,El Dorado,6540,824.9,"$31,164 ","$49,044 ","$57,396 "
Pomona,Los Angeles,151142,6585.1,"$17,041 ","$48,993 ","$50,475 "
Ponderosa,Tulare,100,123,"$61,992 ",[7],[7]
Poplar-Cotton Center,Tulare,2764,2154.3,"$9,980 ","$21,434 ","$21,500 "
Port Costa,Contra Costa,302,1911.4,"$54,767 ","$94,018 ","$88,859 "
Porterville,Tulare,54949,3120.7,"$17,330 ","$41,267 ","$43,657 "
Port Hueneme,Ventura,21949,4931.3,"$22,352 ","$52,826 ","$54,966 "
Portola,Plumas,2710,501.2,"$21,747 ","$34,134 ","$36,375 "
Portola Valley,San Mateo,4478,492.2,"$152,128 ","$182,381 ",[7]
Posey,Tulare,8,22.4,"$15,638 ",[7],[7]
Poso Park,Tulare,4,90.9,[7],[7],[7]
Potrero,San Diego,693,220.1,"$12,354 ","$29,554 ","$37,878 "
Potter Valley,Mendocino,509,126.3,"$24,767 ","$64,500 ","$91,442 "
Poway,San Diego,49040,1254.9,"$40,681 ","$96,315 ","$109,110 "
Prattville,Plumas,12,19.9,[7],[7],[7]
Princeton,Colusa,232,126.4,"$29,977 ","$63,929 ","$75,938 "
Proberta,Tehama,280,195.7,"$24,271 ","$34,477 ","$33,727 "
Prunedale,Monterey,18574,403.3,"$29,138 ","$72,933 ","$79,802 "
Quartz Hill,Los Angeles,11002,2923.7,"$24,681 ","$53,929 ","$61,990 "
Quincy,Plumas,1439,340.8,"$27,394 ","$46,875 ","$67,708 "
Rackerby,Butte,139,47.1,"$25,837 ","$48,125 ","$53,750 "
Rail Road Flat,Calaveras,369,11.2,"$20,788 ","$29,922 ","$34,145 "
Rainbow,San Diego,1678,152,"$30,720 ","$54,408 ","$76,250 "
Raisin City,Fresno,232,305.3,"$10,661 ","$18,750 ","$12,143 "
Ramona,San Diego,21578,561.8,"$24,863 ","$62,919 ","$69,171 "
Rancho Calaveras,Calaveras,5736,684.8,"$24,281 ","$56,607 ","$62,371 "
Rancho Cordova,Sacramento,67167,1927.2,"$24,462 ","$53,563 ","$58,979 "
Rancho Cucamonga,San Bernardino,170170,4268.8,"$31,528 ","$77,061 ","$88,529 "
Rancho Mirage,Riverside,17634,720.8,"$62,814 ","$71,688 ","$99,677 "
Rancho Murieta,Sacramento,5804,488.3,"$53,085 ","$103,750 ","$116,284 "
Rancho Palos Verdes,Los Angeles,42282,3140.1,"$57,201 ","$120,697 ","$137,506 "
Rancho San Diego,San Diego,21514,2472.6,"$38,339 ","$80,591 ","$92,779 "
Rancho Santa Fe,San Diego,2838,422.6,"$68,119 ","$101,250 ","$132,054 "
Rancho Santa Margarita,Orange,48758,3780.6,"$42,768 ","$104,952 ","$120,863 "
Rancho Tehama Reserve,Tehama,2300,197.6,"$14,720 ","$26,046 ","$23,787 "
Randsburg,Kern,128,67.2,"$27,320 ","$26,813 ",[7]
Red Bluff,Tehama,14069,1860.2,"$16,505 ","$32,393 ","$37,926 "
Red Corral,Amador,1601,274,"$23,210 ","$30,431 ","$65,469 "
Redcrest,Humboldt,52,87,"$17,604 ","$28,750 ","$21,875 "
Redding,Shasta,90725,1521,"$23,893 ","$43,773 ","$56,506 "
Redlands,San Bernardino,69787,1936.9,"$31,745 ","$67,112 ","$85,484 "
Redondo Beach,Los Angeles,67511,10892.4,"$52,775 ","$103,064 ","$123,561 "
Redway,Humboldt,1132,904.9,"$19,209 ","$37,882 ","$50,758 "
Redwood City,San Mateo,79736,4099.1,"$42,063 ","$81,955 ","$98,149 "
Redwood Valley,Mendocino,1814,663,"$22,656 ","$78,340 ","$72,577 "
Reedley,Fresno,24858,4839,"$16,966 ","$46,002 ","$45,891 "
Reliez Valley,Contra Costa,3677,1558.7,"$77,832 ","$126,458 ","$131,161 "
Rialto,San Bernardino,101367,4536.9,"$16,206 ","$50,277 ","$52,595 "
Richfield,Tehama,278,496.4,"$25,302 ","$42,500 ","$46,000 "
Richgrove,Tulare,3006,6650.4,"$8,827 ","$29,792 ","$29,750 "
Richmond,Contra Costa,106469,3542.8,"$25,769 ","$54,857 ","$59,976 "
Richvale,Butte,86,92.8,"$131,735 ","$77,734 ",[7]
Ridgecrest,Kern,28282,1361.9,"$27,954 ","$61,480 ","$70,645 "
Ridgemark,San Benito,3471,1350.6,"$44,974 ","$100,690 ","$117,672 "
Rio Dell,Humboldt,3373,1478.7,"$25,645 ","$39,692 ","$40,733 "
Rio del Mar,Santa Cruz,9240,3080,"$53,990 ","$95,938 ","$125,740 "
Rio Linda,Sacramento,14581,1470,"$21,131 ","$50,873 ","$55,063 "
Rio Oso,Sutter,428,65.6,"$32,343 ","$66,250 ","$90,500 "
Rio Vista,Solano,7646,1152.2,"$33,919 ","$62,616 ","$70,045 "
Ripley,Riverside,659,387.4,"$10,612 ","$16,522 ","$17,917 "
Ripon,San Joaquin,14645,2760.6,"$32,213 ","$75,420 ","$88,176 "
Riverbank,Stanislaus,23310,5696.5,"$20,646 ","$59,183 ","$62,366 "
Riverdale,Fresno,3881,988.8,"$12,580 ","$48,350 ","$44,356 "
Riverdale Park,Stanislaus,922,641.6,"$9,263 ","$26,838 ","$25,392 "
River Pines,Amador,309,844.3,"$12,511 ","$48,285 ",[7]
Riverside,Riverside,313041,3856.2,"$22,212 ","$56,089 ","$63,418 "
Robbins,Sutter,355,136.9,"$19,788 ","$38,158 ","$42,750 "
Robinson Mill,Butte,0,0,[7],[7],[7]
Rocklin,Placer,59002,3018.8,"$35,200 ","$79,274 ","$91,946 "
Rodeo,Contra Costa,9648,2575.5,"$27,318 ","$68,701 ","$78,949 "
Rodriguez Camp,Tulare,192,730,"$4,581 ","$27,596 ","$28,365 "
Rohnert Park,Sonoma,41352,5904.9,"$27,021 ","$57,557 ","$71,590 "
Rolling Hills,Los Angeles,1689,564.7,"$117,241 ","$218,583 ","$227,250 "
Rolling Hills,Madera,921,1555.7,"$37,133 ","$100,774 ","$114,107 "
Rolling Hills Estates,Los Angeles,8184,2293.1,"$66,681 ","$136,477 ","$154,043 "
Rollingwood,Contra Costa,2832,16658.8,"$14,782 ","$48,974 ","$51,250 "
Romoland,Riverside,1682,636.2,"$16,795 ","$61,232 ","$60,540 "
Rosamond,Kern,18658,358,"$21,792 ","$59,099 ","$61,613 "
Rosedale,Kern,14826,502.2,"$42,818 ","$111,273 ","$121,866 "
Rose Hills,Los Angeles,3260,7426,"$44,614 ","$94,764 ","$108,438 "
Roseland,Sonoma,5556,5885.6,"$20,167 ","$53,364 ","$55,677 "
Rosemead,Los Angeles,54457,10549.6,"$17,129 ","$44,524 ","$44,868 "
Rosemont,Sacramento,22824,5249.3,"$24,417 ","$54,384 ","$59,959 "
Roseville,Placer,124250,2943.5,"$34,514 ","$76,712 ","$94,461 "
Ross,Marin,2227,1431.2,"$95,706 ","$186,477 ","$200,833 "
Rossmoor,Orange,10816,7009.7,"$52,267 ","$114,239 ","$135,833 "
Rough and Ready,Nevada,1195,376.6,"$22,190 ","$42,268 ","$75,978 "
Round Mountain,Shasta,126,75.1,"$28,929 ","$22,115 ","$34,688 "
Round Valley,Inyo,436,31.6,"$21,687 ","$45,833 ","$55,625 "
Rouse,Stanislaus,1757,7382.4,"$9,395 ","$23,618 ","$23,026 "
Rowland Heights,Los Angeles,51597,3946.2,"$25,845 ","$61,375 ","$64,678 "
Running Springs,San Bernardino,4833,1149.6,"$28,253 ","$69,412 ","$80,905 "
Ruth,Trinity,164,4.2,"$19,787 ","$24,028 ","$76,250 "
Rutherford,Napa,219,130.4,"$35,604 ","$62,024 ","$102,222 "
Sacramento,Sacramento,476075,4861.7,"$26,060 ","$50,013 ","$57,200 "
St. Helena,Napa,5895,1182.1,"$47,794 ","$78,421 ","$95,000 "
Salida,Stanislaus,14509,2694.3,"$22,428 ","$72,872 ","$80,594 "
Salinas,Monterey,154077,6525.9,"$17,810 ","$49,728 ","$51,426 "
Salmon Creek,Sonoma,59,53,"$34,354 ","$34,783 ",[7]
Salton City,Imperial,3867,180.4,"$16,319 ","$33,906 ","$35,320 "
Salton Sea Beach,Imperial,757,2515,"$13,722 ","$19,934 ","$26,944 "
Samoa,Humboldt,305,364.4,"$23,614 ","$52,778 ","$49,464 "
San Andreas,Calaveras,2829,337.7,"$22,518 ","$40,613 ","$50,500 "
San Anselmo,Marin,12527,4679.5,"$56,821 ","$100,681 ","$122,857 "
San Antonio Heights,San Bernardino,3097,1260,"$57,021 ","$95,250 ","$109,766 "
San Ardo,Monterey,647,1441,"$12,899 ","$42,333 ","$50,438 "
San Bernardino,San Bernardino,213044,3463.7,"$14,759 ","$38,774 ","$40,305 "
San Bruno,San Mateo,42090,7707.4,"$35,866 ","$81,420 ","$89,805 "
San Buenaventura (Ventura),Ventura,108449,4971.1,"$33,180 ","$66,485 ","$81,446 "
San Carlos,San Mateo,29166,5278,"$62,548 ","$125,747 ","$158,853 "
San Clemente,Orange,64673,3523.3,"$48,063 ","$91,749 ","$113,018 "
Sand City,Monterey,355,631.7,"$25,884 ","$34,659 ","$34,750 "
San Diego,San Diego,1341510,4125.3,"$33,789 ","$65,753 ","$78,414 "
San Diego Country Estates,San Diego,10191,604.8,"$36,448 ","$100,849 ","$103,806 "
San Dimas,Los Angeles,33896,2254.2,"$35,345 ","$78,911 ","$92,140 "
San Fernando,Los Angeles,24050,10130.6,"$17,766 ","$55,044 ","$56,482 "
San Francisco,San Francisco,829072,17680.1,"$49,986 ","$78,378 ","$93,391 "
San Gabriel,Los Angeles,40173,9691.9,"$25,047 ","$56,238 ","$62,144 "
Sanger,Fresno,24587,4298.4,"$16,620 ","$42,094 ","$50,206 "
San Geronimo,Marin,369,244.7,"$52,139 ","$79,485 ","$89,107 "
San Jacinto,Riverside,45497,1769.1,"$17,350 ","$46,714 ","$52,111 "
San Joaquin,Fresno,4010,3350,"$7,519 ","$25,545 ","$24,583 "
San Jose,Santa Clara,986320,5586,"$34,992 ","$83,787 ","$92,379 "
San Juan Bautista,San Benito,2219,3121,"$26,097 ","$57,717 ","$59,321 "
San Juan Capistrano,Orange,35562,2498.2,"$37,917 ","$72,568 ","$82,399 "
San Leandro,Alameda,87159,6530.2,"$29,442 ","$64,279 ","$76,781 "
San Lorenzo,Alameda,24563,8873.9,"$26,755 ","$74,283 ","$80,149 "
San Lucas,Monterey,243,616.8,"$13,289 ","$45,417 ","$51,250 "
San Luis Obispo,San Luis Obispo,45911,3496.6,"$26,377 ","$44,894 ","$78,641 "
San Marcos,San Diego,87808,3603.9,"$24,789 ","$56,139 ","$63,866 "
San Marino,Los Angeles,13294,3529.1,"$72,861 ","$119,300 ","$154,050 "
San Martin,Santa Clara,7081,610.7,"$40,075 ","$107,966 ","$121,154 "
San Mateo,San Mateo,100114,8253.4,"$46,782 ","$90,087 ","$106,876 "
San Miguel,Contra Costa,3355,3195.2,"$57,644 ","$136,346 ","$157,768 "
San Miguel,San Luis Obispo,2638,1571.2,"$19,793 ","$47,875 ","$42,692 "
San Pablo,Contra Costa,29516,11222.8,"$16,874 ","$42,746 ","$47,666 "
San Pasqual,Los Angeles,2143,8403.9,"$56,601 ","$103,409 ","$110,833 "
San Rafael,Marin,58588,3536.4,"$46,075 ","$75,668 ","$96,660 "
San Ramon,Contra Costa,73826,3971.1,"$51,569 ","$129,062 ","$151,494 "
San Simeon,San Luis Obispo,477,598.5,"$18,990 ","$33,889 ","$53,796 "
Santa Ana,Orange,331266,12203.1,"$16,345 ","$52,519 ","$50,505 "
Santa Barbara,Santa Barbara,89669,4600.8,"$37,692 ","$65,916 ","$82,769 "
Santa Clara,Santa Clara,119525,6492.7,"$41,222 ","$93,840 ","$109,672 "
Santa Clarita,Los Angeles,179030,3395.2,"$33,879 ","$83,178 ","$90,819 "
Santa Cruz,Santa Cruz,62045,4870.1,"$29,177 ","$61,533 ","$79,431 "
Santa Fe Springs,Los Angeles,16859,1900.2,"$20,761 ","$51,786 ","$63,333 "
Santa Margarita,San Luis Obispo,1231,2381,"$28,335 ","$51,453 ","$65,104 "
Santa Maria,Santa Barbara,101468,4454.3,"$18,509 ","$50,753 ","$52,515 "
Santa Monica,Los Angeles,91619,10887.6,"$58,252 ","$74,534 ","$113,956 "
Santa Nella,Merced,1164,255.3,"$19,860 ","$30,000 ","$43,281 "
Santa Paula,Ventura,29990,6529.5,"$20,303 ","$53,692 ","$58,110 "
Santa Rosa,Sonoma,170782,4136,"$29,890 ","$60,758 ","$69,921 "
Santa Rosa Valley,Ventura,3422,494.4,"$67,083 ","$162,639 ","$175,466 "
Santa Susana,Ventura,989,888.6,"$35,603 ","$87,386 ","$100,750 "
Santa Venetia,Marin,5017,1370.4,"$34,564 ","$81,583 ","$98,939 "
Santa Ynez,Santa Barbara,4909,955.8,"$43,990 ","$97,911 ","$99,519 "
Santee,San Diego,55435,3415.6,"$30,531 ","$74,213 ","$86,397 "
Saranap,Contra Costa,5591,4930.3,"$49,107 ","$102,054 ","$131,675 "
Saratoga,Santa Clara,30627,2454.3,"$77,667 ","$167,917 ","$197,332 "
Saticoy,Ventura,1212,3258.1,"$11,926 ","$35,926 ","$33,207 "
Sattley,Sierra,74,36.2,"$49,272 ",[7],[7]
Sausalito,Marin,7043,3976.8,"$89,751 ","$111,702 ","$180,898 "
Scotia,Humboldt,864,1158.2,"$23,080 ","$54,605 ","$54,028 "
Scotts Valley,Santa Cruz,11711,2535.9,"$44,459 ","$102,927 ","$115,324 "
Seacliff,Santa Cruz,3373,4397.7,"$33,424 ","$61,437 ","$68,271 "
Seal Beach,Orange,24477,2166.7,"$46,617 ","$54,026 ","$92,352 "
Sea Ranch,Sonoma,983,60.9,"$46,759 ","$59,375 ","$77,885 "
Searles Valley,San Bernardino,1597,152.2,"$22,999 ","$30,478 ","$46,023 "
Seaside,Monterey,33729,3650.3,"$21,548 ","$52,538 ","$53,926 "
Sebastopol,Sonoma,7535,4051.1,"$35,094 ","$52,326 ","$67,782 "
Seeley,Imperial,1214,1001.7,"$13,570 ","$26,761 ","$42,708 "
Selma,Fresno,23808,4633.7,"$15,292 ","$43,143 ","$44,226 "
Sequoia Crest,Tulare,26,25.4,[7],[7],[7]
Sereno del Mar,Sonoma,51,69.2,"$71,720 ","$123,611 ",[7]
Seville,Tulare,437,687.1,"$9,214 ","$34,219 ","$32,813 "
Shafter,Kern,17261,617.7,"$14,563 ","$41,107 ","$41,663 "
Shandon,San Luis Obispo,1323,448.5,"$22,883 ","$59,236 ","$57,639 "
Shasta,Shasta,1814,165.2,"$31,400 ","$61,042 ","$72,400 "
Shasta Lake,Shasta,10143,928.8,"$20,337 ","$40,295 ","$50,343 "
Shaver Lake,Fresno,735,22.8,"$41,103 ","$80,481 ","$97,188 "
Shell Ridge,Contra Costa,1139,2648.8,"$54,179 ","$120,163 ","$121,630 "
Shelter Cove,Humboldt,516,88.5,"$50,193 ","$23,480 ","$24,459 "
Sheridan,Placer,1465,56.3,"$18,223 ","$47,719 ","$59,712 "
Shingle Springs,El Dorado,4562,555.7,"$35,567 ","$82,788 ","$82,740 "
Shingletown,Shasta,2241,90.9,"$23,742 ","$50,491 ","$58,856 "
Shoshone,Inyo,22,0.8,"$40,018 ",[7],[7]
Sierra Brooks,Sierra,418,305.1,"$27,876 ","$41,250 ","$70,417 "
Sierra City,Sierra,263,122.3,"$64,830 ","$123,846 ","$148,000 "
Sierra Madre,Los Angeles,11060,3745.3,"$48,923 ","$90,780 ","$111,389 "
Sierra Village,Tuolumne,612,242.4,"$24,564 ","$50,024 ","$52,091 "
Sierraville,Sierra,133,26.5,"$14,649 ","$32,500 ",[7]
Signal Hill,Los Angeles,11245,5167.7,"$30,387 ","$67,320 ","$65,851 "
Silverado Resort,Napa,1074,568,"$89,910 ","$161,739 ","$168,869 "
Silver City,Tulare,0,0,[7],[7],[7]
Silver Lakes,San Bernardino,5706,1102.8,"$26,377 ","$66,703 ","$77,791 "
Simi Valley,Ventura,125699,3030.6,"$37,279 ","$89,595 ","$98,394 "
Sisquoc,Santa Barbara,276,123.8,"$16,611 ","$43,750 ","$62,500 "
Sky Valley,Riverside,2493,102.5,"$21,593 ","$34,107 ","$50,391 "
Sleepy Hollow,Marin,2584,865.1,"$88,551 ","$189,688 ","$220,750 "
Smartsville,Yuba,143,199.4,"$19,583 ","$26,100 ","$27,400 "
Smith Corner,Kern,661,3004.5,"$9,508 ","$36,063 ","$36,438 "
Smith River,Del Norte,871,219.4,"$15,985 ","$32,426 ","$34,583 "
Snelling,Merced,116,214.8,"$24,639 ","$38,333 ","$70,750 "
Soda Bay,Lake,1369,1065.4,"$32,831 ","$57,450 ","$56,716 "
Soda Springs,Nevada,80,237.4,"$22,734 ","$28,917 ",[7]
Solana Beach,San Diego,13146,3734.7,"$59,225 ","$90,579 ","$112,217 "
Soledad,Monterey,26008,5892.2,"$9,701 ","$46,010 ","$46,651 "
Solvang,Santa Barbara,5345,2204.1,"$39,334 ","$66,511 ","$77,159 "
Sonoma,Sonoma,10818,3942.4,"$45,197 ","$66,951 ","$96,064 "
Sonora,Tuolumne,4844,1531.5,"$25,174 ","$32,985 ","$46,597 "
Soquel,Santa Cruz,10275,2234.7,"$36,612 ","$78,703 ","$95,208 "
Soulsbyville,Tuolumne,2020,671.1,"$28,916 ","$74,250 ","$74,864 "
South Dos Palos,Merced,2464,1605.2,"$12,459 ","$44,180 ","$50,865 "
South El Monte,Los Angeles,20375,7166.7,"$14,926 ","$44,498 ","$47,702 "
South Gate,Los Angeles,95515,13200,"$14,256 ","$43,526 ","$44,947 "
South Lake Tahoe,El Dorado,21394,2106.1,"$23,865 ","$41,380 ","$52,885 "
South Monrovia Island,Los Angeles,6929,12644.2,"$17,824 ","$57,012 ","$57,329 "
South Oroville,Butte,6058,2065.5,"$10,946 ","$33,605 ","$33,978 "
South Pasadena,Los Angeles,25914,7610.6,"$46,649 ","$80,479 ","$107,015 "
South San Francisco,San Mateo,65537,7140.7,"$32,269 ","$78,101 ","$89,186 "
South San Gabriel,Los Angeles,8281,9941.2,"$23,693 ","$66,958 ","$72,007 "
South San Jose Hills,Los Angeles,21012,13933.7,"$14,020 ","$58,154 ","$56,408 "
South Taft,Kern,1680,1561.3,"$13,453 ","$39,784 ","$40,365 "
South Whittier,Los Angeles,58328,10929,"$20,659 ","$64,112 ","$65,778 "
Spaulding,Lassen,197,59.2,"$26,594 ","$54,722 ","$64,643 "
Spreckels,Monterey,939,7696.7,"$29,268 ","$80,288 ","$97,083 "
Spring Garden,Plumas,0,0,[7],[7],[7]
Spring Valley,Lake,1000,202.6,"$17,196 ","$27,404 ","$31,354 "
Spring Valley,San Diego,29841,4165.4,"$26,104 ","$64,517 ","$68,285 "
Spring Valley Lake,San Bernardino,7816,2631.6,"$26,121 ","$59,040 ","$73,575 "
Springville,Tulare,502,120,"$24,696 ","$35,038 ","$60,625 "
Squaw Valley,Fresno,2450,43.3,"$24,659 ","$63,629 ","$68,948 "
Squirrel Mountain Valley,Kern,372,521.7,"$39,483 ","$42,596 ","$43,990 "
Stallion Springs,Kern,2983,181.6,"$32,696 ","$55,903 ","$63,306 "
Stanford,Santa Clara,13506,4945.4,"$30,200 ","$51,622 ","$173,750 "
Stanton,Orange,38455,12416.9,"$18,870 ","$45,842 ","$47,509 "
Stevenson Ranch,Los Angeles,18832,2962.4,"$47,057 ","$114,555 ","$125,459 "
Stevinson,Merced,171,151.3,"$26,693 ","$52,250 ","$72,917 "
Stinson Beach,Marin,425,294.9,"$60,870 ","$108,571 ","$123,309 "
Stirling City,Butte,154,130.8,"$31,496 ","$97,792 ","$97,792 "
Stockton,San Joaquin,297223,4819.8,"$19,927 ","$45,347 ","$50,166 "
Stonyford,Colusa,283,97.7,"$19,104 ","$50,833 ","$58,750 "
Storrie,Plumas,0,0,[7],[7],[7]
Stratford,Kings,1301,1904.8,"$9,288 ","$23,750 ","$21,579 "
Strathmore,Tulare,3626,2578.9,"$9,913 ","$26,250 ","$22,398 "
Strawberry,Marin,5684,4312.6,"$65,102 ","$87,870 ","$103,676 "
Strawberry,Tuolumne,228,437.6,"$16,877 ",[7],[7]
Sugarloaf Mountain Park,Tulare,0,0,[7],[7],[7]
Sugarloaf Saw Mill,Tulare,0,0,[7],[7],[7]
Sugarloaf Village,Tulare,9,134.3,"$27,122 ","$21,250 ",[7]
Suisun City,Solano,28627,6973.7,"$25,809 ","$71,306 ","$76,051 "
Sultana,Tulare,813,1831.1,"$9,019 ","$24,282 ","$24,176 "
Summerland,Santa Barbara,1575,794.3,"$65,173 ","$89,050 ","$106,763 "
Sunnyside,Fresno,4159,2158.3,"$31,299 ","$63,222 ","$65,323 "
Sunnyside-Tahoe City,Placer,1845,545.9,"$33,019 ","$69,330 ","$93,000 "
Sunny Slopes,Mono,137,72.7,"$69,329 ","$135,438 ",[7]
Sunnyvale,Santa Clara,145921,6637.9,"$48,203 ","$103,257 ","$117,982 "
Sunol,Alameda,956,34.4,"$51,704 ","$82,750 ","$96,071 "
Sun Village,Los Angeles,11613,1087.5,"$17,065 ","$57,840 ","$59,753 "
Susanville,Lassen,16537,2081.4,"$15,350 ","$49,430 ","$69,871 "
Sutter,Sutter,2959,974.6,"$29,639 ","$64,671 ","$64,833 "
Sutter Creek,Amador,2271,865.8,"$30,601 ","$41,071 ","$70,250 "
Swall Meadows,Mono,259,58,"$35,984 ","$72,083 ","$81,563 "
Taft,Kern,9063,593.8,"$19,016 ","$50,991 ","$56,886 "
Taft Heights,Kern,2612,8824.3,"$19,555 ","$54,505 ","$53,302 "
Taft Mosswood,San Joaquin,1398,2955.6,"$11,291 ","$31,829 ","$33,400 "
Tahoe Vista,Placer,1332,490.4,"$27,463 ","$53,068 ","$59,676 "
Tahoma,El DoradoPlacer,959,369.7,"$32,244 ","$50,568 ","$53,438 "
Talmage,Mendocino,1335,839.6,"$20,095 ","$69,853 ","$81,944 "
Tamalpais-Homestead Valley,Marin,10331,2205.1,"$70,073 ","$138,598 ","$162,628 "
Tara Hills,Contra Costa,4767,7168.4,"$23,890 ","$57,708 ","$62,143 "
Tarpey Village,Fresno,3246,4032.3,"$21,394 ","$58,641 ","$71,833 "
Taylorsville,Plumas,185,57,"$56,136 ","$76,176 ",[7]
Tecopa,Inyo,115,6.2,"$11,688 ","$12,000 ","$20,714 "
Tehachapi,Kern,13818,1399.3,"$16,613 ","$42,654 ","$57,389 "
Tehama,Tehama,397,500,"$22,452 ","$47,679 ","$49,286 "
Temecula,Riverside,104955,2820.5,"$28,630 ","$78,535 ","$86,773 "
Temelec,Sonoma,1505,947.7,"$65,456 ","$40,000 ","$66,304 "
Temescal Valley,Riverside,24714,1282.1,"$34,390 ","$89,259 ","$96,162 "
Temple City,Los Angeles,36006,8988,"$27,403 ","$63,803 ","$73,210 "
Templeton,San Luis Obispo,7753,987.4,"$33,281 ","$72,854 ","$88,650 "
Tennant,Siskiyou,115,473.3,"$10,137 ","$14,934 ","$15,865 "
Terminous,San Joaquin,409,418.6,"$47,117 ","$53,636 ","$65,865 "
Terra Bella,Tulare,2912,1070.2,"$7,919 ","$24,489 ","$25,352 "
Teviston,Tulare,1823,839.7,"$8,812 ","$24,267 ","$22,850 "
Thermal,Riverside,3570,377.7,"$10,647 ","$26,344 ","$23,481 "
Thermalito,Butte,6911,544,"$14,509 ","$35,156 ","$35,958 "
Thornton,San Joaquin,748,350.7,"$14,204 ","$33,500 ","$33,646 "
Thousand Oaks,Ventura,128126,2321.8,"$46,231 ","$99,115 ","$116,599 "
Thousand Palms,Riverside,7956,336.6,"$20,191 ","$43,813 ","$45,830 "
Three Rivers,Tulare,2278,51.2,"$33,420 ","$43,913 ","$67,125 "
Three Rocks,Fresno,51,68,"$8,131 ",[7],[7]
Tiburon,Marin,9100,2046.8,"$99,710 ","$130,661 ","$170,915 "
Timber Cove,Sonoma,132,23.4,"$37,758 ","$34,554 ","$64,375 "
Tipton,Tulare,2327,2304,"$9,892 ","$32,239 ","$32,716 "
Tobin,Plumas,12,2.4,[7],[7],[7]
Tomales,Marin,155,466.9,"$38,493 ","$38,480 ",[7]
Tonyville,Tulare,764,15280,"$16,311 ","$49,934 ","$49,934 "
Tooleville,Tulare,387,5776.1,"$13,664 ","$29,125 ","$24,766 "
Topanga,Los Angeles,8923,466.5,"$62,434 ","$115,518 ","$125,946 "
Topaz,Mono,123,40.1,"$12,633 ",[7],[7]
Toro Canyon,Santa Barbara,1476,412.5,"$57,476 ","$72,500 ","$103,056 "
Torrance,Los Angeles,147181,7187.3,"$36,876 ","$78,286 ","$94,077 "
Tracy,San Joaquin,84573,3748.5,"$26,121 ","$74,748 ","$80,439 "
Tranquillity,Fresno,897,1453.8,"$11,432 ","$24,919 ","$26,528 "
Traver,Tulare,910,1079.5,"$12,035 ","$38,359 ","$31,563 "
Tres Pinos,San Benito,457,127.1,"$40,395 ","$75,893 ","$124,000 "
Trinidad,Humboldt,236,486.6,"$34,981 ","$42,917 ","$83,750 "
Trinity Center,Trinity,239,45.7,"$24,426 ","$26,859 ","$26,830 "
Trinity Village,Trinity,211,52.6,"$25,325 ","$32,292 ","$33,571 "
Trona,Inyo,0,0,[7],[7],[7]
Trowbridge,Sutter,184,27.3,"$19,087 ","$52,917 ","$78,750 "
Truckee,Nevada,16191,500.9,"$37,117 ","$72,159 ","$82,356 "
Tulare,Tulare,60663,2977.3,"$18,336 ","$46,387 ","$50,690 "
Tulelake,Siskiyou,1029,2509.8,"$17,233 ","$35,208 ","$35,227 "
Tuolumne City,Tuolumne,1824,782.2,"$21,238 ","$33,030 ","$34,821 "
Tupman,Kern,176,333.3,"$16,889 ","$45,313 ","$45,938 "
Turlock,Stanislaus,69875,4127.8,"$22,847 ","$51,594 ","$59,645 "
Tustin,Orange,77765,6988.2,"$31,392 ","$71,105 ","$77,327 "
Tuttle,Merced,17,9.7,[7],[7],[7]
Tuttletown,Tuolumne,949,129.1,"$35,006 ","$47,794 ","$60,724 "
Twain,Plumas,0,0,[7],[7],[7]
Twain Harte,Tuolumne,2374,641.8,"$29,206 ","$43,625 ","$58,939 "
Twentynine Palms,San Bernardino,25601,432.9,"$20,510 ","$40,890 ","$42,914 "
Twin Lakes,Santa Cruz,5212,7553.6,"$33,493 ","$50,933 ","$72,432 "
Ukiah,Mendocino,15956,3416.7,"$23,443 ","$42,237 ","$53,145 "
Union City,Alameda,71675,3694.6,"$30,158 ","$82,564 ","$93,050 "
"University of California, Davis",Yolo,6735,4603.6,"$6,412 ","$25,462 ","$29,095 "
"University of California, Merced",Merced,0,0,[7],[7],[7]
Upland,San Bernardino,75089,4808.2,"$29,064 ","$61,551 ","$68,353 "
Upper Lake,Lake,755,448.9,"$18,717 ","$32,438 ","$47,880 "
Vacaville,Solano,93994,3311.6,"$30,111 ","$74,207 ","$85,931 "
Valinda,Los Angeles,23818,11826.2,"$17,809 ","$66,697 ","$67,367 "
Vallecito,Calaveras,573,66.9,"$28,131 ","$83,487 ","$84,375 "
Vallejo,Solano,118078,3849.8,"$25,945 ","$58,472 ","$67,543 "
Valle Vista,Riverside,15995,2328.9,"$20,501 ","$40,010 ","$46,584 "
Valley Acres,Kern,717,173.9,"$28,066 ","$47,466 ","$60,938 "
Valley Center,San Diego,9872,360,"$31,746 ","$85,176 ","$94,094 "
Valley Ford,Sonoma,167,63.2,"$9,490 ","$9,312 ",[7]
Valley Home,Stanislaus,292,284.9,"$16,302 ","$36,964 ","$37,321 "
Valley Ranch,Plumas,68,59.8,"$44,196 ","$115,000 ","$115,000 "
Valley Springs,Calaveras,3631,367.8,"$28,566 ","$67,827 ","$71,964 "
Valley Wells,Inyo,0,0,[7],[7],[7]
Val Verde,Los Angeles,2550,994.2,"$19,594 ","$68,017 ","$69,856 "
Vandenberg AFB,Santa Barbara,3464,157.2,"$20,710 ","$61,308 ","$60,260 "
Vandenberg Village,Santa Barbara,7133,1359.4,"$34,667 ","$77,551 ","$98,265 "
Verdi,Sierra,92,22,"$11,680 ","$4,853 ",[7]
Vernon,Los Angeles,59,11.9,"$19,973 ","$38,500 ","$38,250 "
Victor,San Joaquin,605,482.1,"$7,873 ","$19,259 ","$35,250 "
Victorville,San Bernardino,119603,1631,"$15,873 ","$47,142 ","$50,608 "
View Park-Windsor Hills,Los Angeles,11374,6178.2,"$44,586 ","$76,461 ","$109,939 "
Villa Park,Orange,5911,2843.2,"$65,733 ","$150,864 ","$157,910 "
Vina,Tehama,161,119.1,"$17,404 ","$26,250 ","$24,821 "
Vincent,Los Angeles,17687,12015.6,"$20,142 ","$76,682 ","$74,880 "
Vine Hill,Contra Costa,4296,2860.2,"$21,948 ","$62,857 ","$65,729 "
Vineyard,Sacramento,25640,1490.4,"$26,688 ","$76,084 ","$78,987 "
Visalia,Tulare,126942,3407.1,"$22,885 ","$52,262 ","$56,766 "
Vista,San Diego,96181,5148.9,"$21,161 ","$47,782 ","$53,505 "
Vista Santa Rosa,Riverside,2815,174.6,"$15,530 ","$52,713 ","$49,688 "
Volcano,Amador,0,0,[7],[7],[7]
Volta,Merced,257,58.8,"$19,853 ","$42,464 ","$63,500 "
Walker,Mono,540,29.3,"$39,294 ","$63,889 ","$77,461 "
Wallace,Calaveras,682,157.1,"$53,687 ","$72,120 ","$105,056 "
Walnut,Los Angeles,29822,3316.5,"$35,064 ","$100,934 ","$107,750 "
Walnut Creek,Contra Costa,65923,3336.4,"$51,998 ","$80,399 ","$112,114 "
Walnut Grove,Sacramento,1137,111.5,"$32,844 ","$65,463 ","$70,240 "
Walnut Park,Los Angeles,16039,21442.5,"$13,044 ","$41,202 ","$41,809 "
Warm Springs,Riverside,3163,2132.8,"$20,851 ","$80,042 ","$75,714 "
Warner Valley,Plumas,5,0.3,[7],[7],[7]
Wasco,Kern,25865,2744,"$10,931 ","$39,273 ","$40,437 "
Washington,Nevada,17,8.9,[7],[7],[7]
Waterford,Stanislaus,8579,3685.1,"$15,757 ","$44,660 ","$49,583 "
Waterloo,San Joaquin,384,70.7,"$36,472 ","$132,125 ","$143,083 "
Watsonville,Santa Cruz,52085,7787.8,"$17,377 ","$46,691 ","$48,957 "
Waukena,Tulare,173,183.7,"$18,462 ","$46,750 ","$66,094 "
Wawona,Mariposa,167,26.3,"$16,110 ","$47,656 ","$7,308 "
Weaverville,Trinity,3294,316,"$24,043 ","$42,165 ","$52,712 "
Weed,Siskiyou,2937,613.2,"$14,202 ","$29,200 ","$37,639 "
Weedpatch,Kern,2170,610.1,"$9,981 ","$28,075 ","$28,636 "
Weldon,Kern,2604,97.7,"$19,074 ","$30,988 ","$46,875 "
Weott,Humboldt,152,202.4,"$27,832 ","$93,393 ","$93,393 "
West Athens,Los Angeles,8615,6448.4,"$16,499 ","$38,371 ","$41,473 "
West Bishop,Inyo,2865,327.1,"$37,527 ","$83,125 ","$93,571 "
West Carson,Los Angeles,20766,9164.2,"$28,307 ","$62,414 ","$72,548 "
West Covina,Los Angeles,107441,6697.9,"$24,944 ","$67,069 ","$72,751 "
West Goshen,Tulare,633,537.4,"$7,653 ","$20,350 ","$14,572 "
Westhaven-Moonstone,Humboldt,962,118.9,"$30,340 ","$54,261 ","$60,750 "
West Hollywood,Los Angeles,35053,18576,"$54,352 ","$56,025 ","$70,438 "
Westlake Village,Los Angeles,8393,1618.7,"$62,394 ","$115,550 ","$145,106 "
Westley,Stanislaus,853,489.4,"$7,011 ","$18,462 ","$18,462 "
West Menlo Park,San Mateo,3743,7685.8,"$82,841 ","$169,798 ","$192,250 "
Westminster,Orange,91255,9086.4,"$22,821 ","$53,660 ","$57,262 "
West Modesto,Stanislaus,5534,2786.5,"$12,356 ","$27,297 ","$28,103 "
Westmont,Los Angeles,30835,16685.6,"$14,176 ","$27,072 ","$31,813 "
Westmorland,Imperial,1747,2961,"$11,257 ","$22,372 ","$24,464 "
West Park,Fresno,792,442,"$14,550 ","$36,389 ","$38,167 "
West Point,Calaveras,743,199.8,"$17,924 ","$28,262 ","$29,022 "
West Puente Valley,Los Angeles,23868,12770.5,"$17,005 ","$62,669 ","$65,052 "
West Rancho Dominguez,Los Angeles,21739,5470.3,"$16,783 ","$44,909 ","$48,736 "
West Sacramento,Yolo,49946,2323.5,"$25,081 ","$53,307 ","$62,905 "
West Whittier-Los Nietos,Los Angeles,26590,10555.8,"$19,949 ","$62,486 ","$65,326 "
Westwood,Lassen,1509,277.6,"$20,710 ","$33,452 ","$54,135 "
Wheatland,Yuba,3494,2143.6,"$21,363 ","$61,370 ","$66,347 "
Whitehawk,Plumas,41,15.9,"$37,346 ","$76,944 ",[7]
Whitewater,Riverside,469,47.5,"$13,003 ","$15,500 ","$34,375 "
Whitley Gardens,San Luis Obispo,166,120.6,"$47,110 ","$85,385 ","$103,971 "
Whittier,Los Angeles,86400,5898,"$27,632 ","$65,583 ","$74,628 "
Wildomar,Riverside,33601,1418.5,"$22,380 ","$60,816 ","$63,592 "
Wilkerson,Inyo,550,96,"$32,961 ","$73,125 ","$76,750 "
Williams,Colusa,5166,948.9,"$18,878 ","$54,069 ","$56,232 "
Willits,Mendocino,4853,1734.5,"$18,502 ","$34,186 ","$50,233 "
Willowbrook,Los Angeles,20897,13508.1,"$11,840 ","$37,760 ","$37,750 "
Willow Creek,Humboldt,1425,47,"$18,701 ","$35,607 ","$53,523 "
Willows,Glenn,6118,2148.9,"$24,044 ","$38,730 ","$59,952 "
Wilsonia,Tulare,0,0,[7],[7],[7]
Wilton,Sacramento,4670,161,"$36,737 ","$81,250 ","$99,135 "
Winchester,Riverside,2717,351.4,"$26,244 ","$57,935 ","$59,293 "
Windsor,Sonoma,27113,3730.5,"$33,615 ","$81,442 ","$93,921 "
Winter Gardens,San Diego,20346,4593.8,"$26,701 ","$61,759 ","$66,738 "
Winterhaven,Imperial,151,618.9,"$17,087 ","$21,793 ",[7]
Winters,Yolo,6843,2331.5,"$27,983 ","$59,856 ","$67,422 "
Winton,Merced,11774,3871.8,"$13,230 ","$41,091 ","$41,203 "
Wofford Heights,Kern,2043,337.3,"$23,742 ","$30,500 ","$43,750 "
Woodacre,Marin,1778,989.4,"$50,853 ","$88,657 ","$104,783 "
Woodbridge,San Joaquin,3973,1318.6,"$34,483 ","$72,452 ","$91,701 "
Woodcrest,Riverside,15951,1397.9,"$29,068 ","$86,095 ","$88,207 "
Woodlake,Tulare,7452,3227.4,"$12,469 ","$35,509 ","$37,711 "
Woodland,Yolo,56390,3684.2,"$25,149 ","$54,532 ","$66,901 "
Woodlands,San Luis Obispo,448,271.2,"$59,986 ","$79,864 ","$88,864 "
Woodside,San Mateo,5427,462.6,"$125,559 ","$206,528 ","$242,143 "
Woodville,Tulare,1961,450.6,"$11,897 ","$34,750 ","$31,071 "
Wrightwood,San Bernardino,4452,751.3,"$29,168 ","$55,697 ","$57,139 "
Yankee Hill,Butte,242,40.2,"$21,555 ","$33,500 ","$53,875 "
Yettem,Tulare,285,1862.7,"$7,478 ",[7],[7]
Yolo,Yolo,561,406.5,"$22,830 ","$75,089 ","$90,764 "
Yorba Linda,Orange,66335,3434.6,"$47,852 ","$115,994 ","$128,542 "
Yosemite Lakes,Madera,4668,223.3,"$34,430 ","$59,750 ","$69,583 "
Yosemite Valley,Mariposa,877,425.9,"$26,579 ","$37,250 ","$111,875 "
Yountville,Napa,2977,1944.5,"$51,554 ","$65,568 ","$90,391 "
Yreka,Siskiyou,7675,768.7,"$18,142 ","$26,385 ","$31,728 "
Yuba City,Sutter,65141,4446.8,"$23,038 ","$50,494 ","$56,734 "
Yucaipa,San Bernardino,52406,1845.2,"$26,103 ","$58,506 ","$69,098 "
Yucca Valley,San Bernardino,21083,526.9,"$20,643 ","$43,086 ","$53,767 "
Zayante,Santa Cruz,853,313,"$31,533 ","$81,308 ","$93,490 "
